docname,Newspaper,Date,Beginning of Passage,keyword,End of Passage,Code,Comments
8153_0_8,The Waco evening news,1893-09-21,. He was found by the,mob,,NA,NA
8153_0_11,The Waco evening news,1893-09-21,"content , the infurated",mob,carried,NA,NA
8153_1_23,The Waco evening news,1893-09-21,an inquest the,mob,"seized the body ,",NA,NA
8153_1_33,The Waco evening news,1893-09-21,people . At one time the,mob,,NA,NA
8155_0_59,The Hope pioneer,1893-08-04,by a,mob,"at Calera Va . , for assault on",NA,NA
8155_2_71,The Hope pioneer,1893-08-04,a,mob,"at Gaston , S . C . They",NA,NA
8155_3_73,The Hope pioneer,1893-08-04,A,MOB,"lynched Handy Kaigler , the",NA,NA
8165_0_81,Martinsburg herald,1891-04-04,the whole story . A,mob,of two hundred and,NA,NA
8166_0_91,The Grenada sentinel,1893-09-30,secured by the,mob,", hanged , shot and",NA,NA
8169_0_99,The evening world,1891-04-28,gang of toughs Early this morning a,mob,,NA,NA
8173_0_119,Omaha daily bee,1891-10-10,Infuriated,Mob,This Morning .,NA,NA
8173_0_199,Omaha daily bee,1891-10-10,negro must hang at the hands of a,mob,.,NA,NA
8173_0_203,Omaha daily bee,1891-10-10,,mob,and lead it . At 8 : 30 a crowd collected,NA,NA
8173_0_257,Omaha daily bee,1891-10-10,and urged the,mob,on . Morearty started the,NA,NA
8173_0_287,Omaha daily bee,1891-10-10,out . The leader backed down and the,mob,,NA,NA
8173_0_293,Omaha daily bee,1891-10-10,by the,mob,", who crawled through the",NA,NA
8173_0_298,Omaha daily bee,1891-10-10,endeavored to dissuade the,mob,from any,NA,NA
8173_0_356,Omaha daily bee,1891-10-10,"filled with a howling , surging",mob,. It was a,NA,NA
8173_0_357,Omaha daily bee,1891-10-10,good - natured,mob,", however , but it was determined",NA,NA
8173_0_413,Omaha daily bee,1891-10-10,back and joined the,mob,on the lawn .,NA,NA
8173_0_446,Omaha daily bee,1891-10-10,of the,mob,called to the crowd to give them,NA,NA
8173_0_457,Omaha daily bee,1891-10-10,hands of a,mob,in Omaha was performed,NA,NA
8173_0_468,Omaha daily bee,1891-10-10,,mob,"rushed upon him , kicking and jumping",NA,NA
8173_0_478,Omaha daily bee,1891-10-10,Policemen Struggle with the,Mob,.,NA,NA
8173_0_500,Omaha daily bee,1891-10-10,leaders of the,mob,.,NA,NA
8173_0_509,Omaha daily bee,1891-10-10,Again the,mob,was in possession of the,NA,NA
8173_0_512,Omaha daily bee,1891-10-10,man from the hands of the,mob,. They,NA,NA
8173_0_525,Omaha daily bee,1891-10-10,the,mob,below and in the twinkling of an,NA,NA
8173_0_546,Omaha daily bee,1891-10-10,Beneath the dangling body stood the,mob,",",NA,NA
8173_0_627,Omaha daily bee,1891-10-10,In the Midst of the,Mob,.,NA,NA
8173_0_664,Omaha daily bee,1891-10-10,surrounded by a score of,masked,men . The,NA,NA
8173_0_673,Omaha daily bee,1891-10-10,"stated that , owing to the",masks,that the,NA,NA
8173_0_677,Omaha daily bee,1891-10-10,"going on at the jail , as his",captors,were well,NA,NA
8173_0_684,Omaha daily bee,1891-10-10,,mob,until he reached a point midway between,NA,NA
8173_0_690,Omaha daily bee,1891-10-10,"Coe was confined , peaded with the",mob,to,NA,NA
8173_0_694,Omaha daily bee,1891-10-10,would be meted out . The,mob,,NA,NA
8173_0_697,Omaha daily bee,1891-10-10,the judge crowded his way through the,mob,,NA,NA
8173_0_712,Omaha daily bee,1891-10-10,"Coe , the man who was lynched by the",mob,",",NA,NA
8176_0_783,Waterbury evening Democrat,1891-10-30,a,mob,of negroes during the night and,NA,NA
8180_0_787,The Hope pioneer,1892-11-04,A,MOB,lynched Allen Parker ( colored ),NA,NA
8186_0_820,The enterprise,1893-09-27,a Prisoner in Jail - A,Mob,Attacks,NA,NA
8186_0_861,The enterprise,1893-09-27,8 o'clock portions of the,mob,battered,NA,NA
8186_0_865,The enterprise,1893-09-27,,mob,and the mayor was shot in the,NA,NA
8186_0_869,The enterprise,1893-09-27,the,mob,. Seven men were killed by,NA,NA
8187_0_894,Arizona republican,1892-01-15,,mob,of fifty men of the negro Nathan,NA,NA
8250_0_952,The Forrest City times,1892-05-20,a,mob,to lynch the criminal reaching,NA,NA
8250_0_955,The Forrest City times,1892-05-20,for safe - keeping . The,mob,organized,NA,NA
8250_0_962,The Forrest City times,1892-05-20,some manner the enraged,mob,ascertained,NA,NA
8250_0_970,The Forrest City times,1892-05-20,were supposed to be,mob,- proof but in,NA,NA
8250_0_977,The Forrest City times,1892-05-20,the temper of the,mob,. Heavy,NA,NA
8250_0_998,The Forrest City times,1892-05-20,for which James was,mobbed,increases .,NA,NA
8250_0_1027,The Forrest City times,1892-05-20,"with it , then",mobs,will certainly take,NA,NA
8250_0_1028,The Forrest City times,1892-05-20,the matter in hand ; and if,mob,law,NA,NA
8250_0_1030,The Forrest City times,1892-05-20,the,mobs,". Anything , in the name of",NA,NA
8250_0_1041,The Forrest City times,1892-05-20,the,mobbing,of one of their num -,NA,NA
8250_1_1054,The Forrest City times,1892-05-20,Arrests and 1s Hustled by the,Mob,.,NA,NA
8250_1_1062,The Forrest City times,1892-05-20,a large,mob,went to the jail but were,NA,NA
8250_1_1067,The Forrest City times,1892-05-20,The,mob,"gathered in large numbers ,",NA,NA
8250_1_1081,The Forrest City times,1892-05-20,rumors of a,mob,and seeing the crowd,NA,NA
8250_1_1089,The Forrest City times,1892-05-20,when the,mob,"set upon him , knocked",NA,NA
8253_0_1109,The Magnolia gazette,1892-06-25,by a,mob,. Gray and Williams were given,NA,NA
8253_0_1117,The Magnolia gazette,1892-06-25,the,mob,had hung John Johnson and intended,NA,NA
8253_0_1122,The Magnolia gazette,1892-06-25,could not prevent the,mob,from coming .,NA,NA
8253_0_1124,The Magnolia gazette,1892-06-25,minutes before the,mob,arrived on a train,NA,NA
8253_0_1151,The Magnolia gazette,1892-06-25,the,mob,confessed that he and the two,NA,NA
8259_0_1160,The farmers union,1892-02-18,Villain Hanged by a,Mob,.,NA,NA
8259_0_1164,The farmers union,1892-02-18,and hanged to a tree by a,mob,of,NA,NA
8297_0_1168,The evening world,1893-07-28,Leader of the Lynching,Mob,of,NA,NA
8297_0_1175,The evening world,1893-07-28,"C . W . Brennan , who led the",mob,,NA,NA
8301_0_1194,Rock Island daily Argus,1891-05-05,,mob,was in the act of lynching a China -,NA,NA
8303_1_1206,The Globerepublican,1891-04-15,death by,masked,"men , who broke",NA,NA
8305_1_1220,New Ulm weekly review,1891-03-18,,Mob,of Over Three Thousand,NA,NA
8305_1_1245,New Ulm weekly review,1891-03-18,It was not an unruly midnight,mob,. It,NA,NA
8305_1_1368,New Ulm weekly review,1891-03-18,,A party of,seven or eight quickly ascended,NA,NA
8305_1_1394,New Ulm weekly review,1891-03-18,leaders addressed the,mob,and asked,NA,NA
8305_1_1436,New Ulm weekly review,1891-03-18,such that,mob,law and lynching were,NA,NA
8358_0_1548,Los Angeles herald,1891-11-05,A Topeka,Mob,Thirsting for an Inhuman,NA,NA
8358_0_1571,Los Angeles herald,1891-11-05,"generally known , a",mob,began to collect,NA,NA
8358_0_1577,Los Angeles herald,1891-11-05,to be found . The,mob,then made a,NA,NA
8358_0_1582,Los Angeles herald,1891-11-05,and the,mob,may determine to search,NA,NA
8358_0_1584,Los Angeles herald,1891-11-05,At midnight the,mob,"dispersed , hav .",NA,NA
8358_0_1592,Los Angeles herald,1891-11-05,here by a,mob,and hanged . The parties,NA,NA
8360_0_1627,The evening world,1892-07-06,Execute,Mob,Law .,NA,NA
8360_0_1634,The evening world,1892-07-06,yard by a,mob,of fully 700 white citizens,NA,NA
8360_0_1667,The evening world,1892-07-06,,mob,and hanged . by,NA,NA
8361_0_1884,Grant County herald,1891-09-17,"lersburg . Ind . , was lynched by a",mob,.,NA,NA
8368_0_2018,The World,1891-09-29,of the,mob,.,NA,NA
8368_0_2030,The World,1891-09-29,The,mob,that had gathered in front,NA,NA
8368_0_2068,The World,1891-09-29,The police then charged the,mob,",",NA,NA
8465_0_2151,Barton County democrat,1892-12-08,A Negro,Mob,Lynches a Negro Murderer,NA,NA
8482_0_2328,The Atlanta constitution,1892-10-04,The,Mob,Disperses .,NA,NA
8482_0_2332,The Atlanta constitution,1892-10-04,the,mob,", getting the crowd to disperse",NA,NA
8483_0_2336,The Sedalia weekly bazoo,1892-05-24,ville at 2 o'clock this morning a,mob,,NA,NA
8520_1_2346,Martinsburg herald,1892-07-23,by a,mob,at midnight and hanged . P . B .,NA,NA
8555_0_2357,Barton County democrat,1893-05-04,,mob,( lynched the wrong man .,NA,NA
8598_0_2397,The evening world,1892-08-01,after and a,mob,gathered to lynch hiin . The,NA,NA
8598_0_2398,The evening world,1892-08-01,Marshal of the town quieted the,mob,and,NA,NA
8600_0_2484,The morning news,1893-04-26,are the victims of,mob,law . It is better,NA,NA
8600_0_2488,The morning news,1893-04-26,to look to the courts and not to,mob,violence,NA,NA
8600_0_2501,The morning news,1893-04-26,,mob,violence can possibly have . than,NA,NA
8602_0_2537,Reporter and farmer,1894-09-27,tim when a,mob,of 300 enraged,NA,NA
8603_0_2550,Rock Island Argus,1894-06-28,,mob,wants to lynch a negro for assault on,NA,NA
8603_0_2552,Rock Island Argus,1894-06-28,to make it interesting for the,mob,",",NA,NA
8649_0_2636,Waterbury evening Democrat,1894-09-06,negroes into the hands of the,mob,", A . At -",NA,NA
8649_0_2640,Waterbury evening Democrat,1894-09-06,a to have been the leader of the,mob,.,NA,NA
8651_1_2644,Belmont chronicle,1894-01-25,"At Kansas City , Mo . , a",mob,"of 4,000",NA,NA
8663_0_2654,The Wheeling daily intelligencer,1893-07-29,THE,MOB,LEADER ARRESTED .,NA,NA
8663_0_2658,The Wheeling daily intelligencer,1893-07-29,"Brennan , who led the",mob,that lynched,NA,NA
8668_0_2673,Fisherman amp farmer,1891-04-03,A,mob,", extraordinary in size , extraordinary",NA,NA
8668_0_2678,Fisherman amp farmer,1891-04-03,Hennessy . It was a,mob,led by lawyers and,NA,NA
8668_0_2684,Fisherman amp farmer,1891-04-03,,mob,in its work .,NA,NA
8668_0_2813,Fisherman amp farmer,1891-04-03,The,mob,seemed determined on quiet work .,NA,NA
8668_0_2817,Fisherman amp farmer,1891-04-03,,mob,in which were a number of ladders to,NA,NA
8668_0_2825,Fisherman amp farmer,1891-04-03,manager of the,Democratic party of,the,NA,NA
8668_0_2829,Fisherman amp farmer,1891-04-03,Around these armed men the,mob,"surged ,",NA,NA
8668_0_2841,Fisherman amp farmer,1891-04-03,The leaders of the,mob,made a formal,NA,NA
8668_0_2846,Fisherman amp farmer,1891-04-03,the,mob,to disperse . His refusal was greeted,NA,NA
8668_0_2851,Fisherman amp farmer,1891-04-03,"blacksmith shop , and",mob,set to work,NA,NA
8668_0_2863,Fisherman amp farmer,1891-04-03,with an ax . The leaders of the,mob,stood at,NA,NA
8668_0_2867,Fisherman amp farmer,1891-04-03,difficulty . The,mob,first broke into the,NA,NA
8668_0_2872,Fisherman amp farmer,1891-04-03,of the men with the remark that the,mob,,NA,NA
8668_0_2878,Fisherman amp farmer,1891-04-03,open and the,mob,crowded through .,NA,NA
8668_0_2884,Fisherman amp farmer,1891-04-03,then the,mob,"filed out into the yard , glancing",NA,NA
8668_0_2941,Fisherman amp farmer,1891-04-03,by some of the,mob,", who took mercy on his",NA,NA
8668_0_2945,Fisherman amp farmer,1891-04-03,the,mob,they set up a yell for mercy .,NA,NA
8668_0_2973,Fisherman amp farmer,1891-04-03,another section of the,mob,had broken into,NA,NA
8668_0_2987,Fisherman amp farmer,1891-04-03,The,mob,on the outside had grown impatient,NA,NA
8668_0_2996,Fisherman amp farmer,1891-04-03,given to the,mob,. A loud demand,NA,NA
8668_0_3058,Fisherman amp farmer,1891-04-03,The,mob,"wanted the others , but they were",NA,NA
8668_0_3061,Fisherman amp farmer,1891-04-03,five minutes . It was 10 : 20 when the,mob,,NA,NA
8668_0_3066,Fisherman amp farmer,1891-04-03,and four had not been tried . The,mob,lingered,NA,NA
8668_0_3110,Fisherman amp farmer,1891-04-03,"dates back to last June , when",a party of,,NA,NA
8669_0_3209,The Washington bee,1892-07-09,A,MOB,STORMS A JAIL .,NA,NA
8669_0_3211,The Washington bee,1892-07-09,,mob,has just broken into the jail,NA,NA
8669_0_3213,The Washington bee,1892-07-09,The,mob,has hung one negro and,NA,NA
8670_0_3242,The Seattle postintelligencer,1893-10-22,LAW . DANGER,MOB,OF THE,NA,NA
8670_0_3244,The Seattle postintelligencer,1893-10-22,lina condemn,mob,law as an evil in itself,NA,NA
8670_0_3254,The Seattle postintelligencer,1893-10-22,"particular case , then a",mob,becomes at,NA,NA
8670_0_3266,The Seattle postintelligencer,1893-10-22,for the,mob,who lynched the negro,NA,NA
8670_0_3293,The Seattle postintelligencer,1893-10-22,bold enough to,mob,white people and destroy,NA,NA
8670_0_3295,The Seattle postintelligencer,1893-10-22,where,mob,law has had full sway for many,NA,NA
8670_0_3298,The Seattle postintelligencer,1893-10-22,a lows a,mob,"of 4,000 to burst a prison and",NA,NA
8670_0_3305,The Seattle postintelligencer,1893-10-22,Jawless and they enforce,mob,law,NA,NA
8671_0_3309,Telegramherald,1891-06-09,,Mob,.,NA,NA
8671_0_3313,Telegramherald,1891-06-09,"Mrs . Sallie Moore , was taken by a",mob,,NA,NA
8671_0_3318,Telegramherald,1891-06-09,the,mob,. He was almost dead before,NA,NA
8671_0_3326,Telegramherald,1891-06-09,The,mob,said they had previously,NA,NA
8673_0_3331,The morning news,1894-10-27,the members of the,mob,who lynched six,NA,NA
8676_0_3347,Saint Marys beacon,1894-03-01,by a,mob,and lynched . taken,NA,NA
8677_0_3367,Little Falls weekly transcript,1894-11-23,the,mob,dispersed . At,NA,NA
8683_1_3399,Iowa state bystander,1894-10-26,of the,mob,. The Negro in Ohio,NA,NA
8738_0_3451,The Neihart herald,1894-07-21,""" Cause the",mob,had hanged the,NA,NA
8740_0_3465,The Forrest City times,1891-01-23,"by , who was hanged by the",mob,in,NA,NA
8740_0_3490,The Forrest City times,1891-01-23,the savage,mob,", hung like Lord Pon -",NA,NA
8821_0_3663,The Breckenridge news,1892-02-17,simus last summer,mob,.,NA,NA
8822_0_3666,Bismarck weekly tribune,1891-09-25,a,Mob,at Darlington .,NA,NA
8822_0_3671,Bismarck weekly tribune,1891-09-25,from the jail here by a,mob,and hung,NA,NA
8822_0_3677,Bismarck weekly tribune,1891-09-25,,mob,having threatened to lynch him last,NA,NA
8824_0_3692,The Seattle postintelligencer,1892-10-15,jail . Yesterday a,mob,overpowered the,NA,NA
8825_1_3716,The Jasper weekly courier,1892-03-18,A,MOB,of masked men entered the,NA,NA
8826_0_3722,Fisherman amp farmer,1892-08-12,A,MOB,"at Jacksboro , Tenn . , lynched Andy",NA,NA
8830_0_3744,The Austin weekly statesman,1891-05-14,a,masked,body of men this morning shortly,NA,NA
8832_0_3782,The western sentinel,1891-04-23,infuriated negro,mob,.,NA,NA
8832_0_3797,The western sentinel,1891-04-23,"a worse crime than murder , a",mob,,NA,NA
8832_1_3819,The western sentinel,1891-04-23,the leaders of the,mob,which,NA,NA
8833_1_3873,The morning news,1891-07-25,,masked,"mob broke into the jail last night ,",NA,NA
8837_0_3894,Los Angeles herald,1891-10-13,and a,mob,organized to lynch him . He,NA,NA
8840_0_3901,Omaha daily bee,1893-07-21,howling,mob,", which would have lynched",NA,NA
8850_0_3943,Los Angeles herald,1891-09-05,captured last Tuesday . Today a,mob,of,NA,NA
8854_0_3955,Crawford avalanche,1892-06-02,national disgrace .,Mobs,do not act,NA,NA
8854_0_3959,Crawford avalanche,1892-06-02,some places these,mobs,have taken,NA,NA
8854_0_3985,Crawford avalanche,1892-06-02,by,mob,"violence , and then came a",NA,NA
8854_0_3999,Crawford avalanche,1892-06-02,by the,mob,"was insane , and therefore",NA,NA
8854_0_4000,Crawford avalanche,1892-06-02,irresponsible . Not only do the,mobs,,NA,NA
8854_0_4007,Crawford avalanche,1892-06-02,,mob,danced around a negro who was,NA,NA
8854_0_4011,Crawford avalanche,1892-06-02,hanged by a desperate,mob,near,NA,NA
8857_0_4040,The Wichita daily eagle,1892-10-15,CREMATED BY A,MOB,.,NA,NA
8857_0_4043,The Wichita daily eagle,1892-10-15,roe county by a,mob,"of enraged citizens ,",NA,NA
8857_0_4047,The Wichita daily eagle,1892-10-15,of dened,mob,", and then gathered in a beap",NA,NA
20040_0_4091,The Sunday herald and weekly national intelligencer,1891-03-15,were such that,mob,law and lynching were,NA,NA
20041_0_4148,The Butler weekly times,1891-10-14,members of the,mob,which lynched,NA,NA
20043_0_4155,The sun,1891-05-01,A,Mob,Lynches & Negro Who Shot a Policeman,NA,NA
20043_0_4163,The sun,1891-05-01,night an organized,mob,attacked the jail . overpowered,NA,NA
20043_0_4170,The sun,1891-05-01,which the,mob,bullets dispersed .,NA,NA
20044_1_4190,Southern standard,1891-08-29,seven or eight,masked,"men , and",NA,NA
20048_0_4218,The Dickinson press,1891-09-05,A,mob,"lynched Frank Huges ,",NA,NA
20049_0_4230,St Paul daily globe,1891-12-01,"of the city , was surrounded by a",mob,,NA,NA
20049_0_4244,St Paul daily globe,1891-12-01,", but the",mob,got no further than,NA,NA
20050_0_4263,The sun,1891-12-30,The,Mob,"Meant Business , but Falled",NA,NA
20050_0_4268,The sun,1891-12-30,origin in the attempts of a,mob,to lynch &,NA,NA
20050_0_4270,The sun,1891-12-30,a bazaar . The,mob,got possession of the,NA,NA
20050_0_4273,The sun,1891-12-30,not the police charged them . The,mob,for a,NA,NA
20051_0_4291,Fort Worth gazette,1891-05-17,A KANSAS,mob,got after a negro the,NA,NA
20051_0_4295,Fort Worth gazette,1891-05-17,sachusetts,mob,hanged a negro . Slowlying,NA,NA
20053_1_4349,The Dalles timesmountaineer,1891-10-17,A,mob,"gathered to lynch Day , but the",NA,NA
20057_0_4418,Omaha daily bee,1891-09-08,about fifty,masked,men took him from the,NA,NA
20087_0_4487,Audubon County Republican,1892-07-07,"from Sturgis , fifty",masked,men demanded,NA,NA
20087_0_4492,Audubon County Republican,1892-07-07,from the guns of the,masked,men,NA,NA
85974_0_4533,The sun,1894-08-31,Adkins &,mob,appeared to lynch them . The,NA,NA
85974_0_4535,The sun,1894-08-31,"lives into the mountains , escaping the",mob,or,NA,NA
85977_0_4549,Olympia tribune,1892-08-17,armed,mob,"of 300 men , who took him from",NA,NA
85992_0_4596,The Wichita daily eagle,1891-11-18,the,mob,which lyuched the negro rapist,NA,NA
85994_0_4625,The comet,1893-04-20,"Denmark , S . C . , to - night by a",mob,.,NA,NA
85999_1_4644,River Falls journal,1894-01-25,A,MOB,lynched a negro named Wil -,NA,NA
85999_2_4647,River Falls journal,1894-01-25,A,MOB,lynched M . G . Gamble ( col .,NA,NA
85999_3_4653,River Falls journal,1894-01-25,in Joliet . At his,mobs,"trial , notwithstanding his con -",NA,NA
86000_0_4660,The evening world,1893-03-13,me,hermob,of 500 negroes overpowered the,NA,NA
86001_0_4667,Deseret evening news,1893-07-08,The,Mob,Mutilating and Burning the,NA,NA
86002_2_4730,River Falls journal,1891-04-02,the New Orleans,mob,. The governor,NA,NA
86004_0_4774,The news and observer,1891-09-20,midnight a,mob,of whites assembled,NA,NA
86004_0_4777,The news and observer,1891-09-20,,mob,of negroes gathered to,NA,NA
86004_0_4779,The news and observer,1891-09-20,a fight between the two,mobs,is imminent,NA,NA
86005_0_4809,The Seattle postintelligencer,1891-07-22,,mob,"law "" against the gambler leaders of",NA,NA
86005_0_4813,The Seattle postintelligencer,1891-07-22,will of the,mob,or the madness of persons,NA,NA
86005_1_4836,The Seattle postintelligencer,1891-07-22,,mob,is becoming so conspicuous as to in,NA,NA
86005_1_4839,The Seattle postintelligencer,1891-07-22,to keep the,mob,from becoming the death,NA,NA
86005_1_4848,The Seattle postintelligencer,1891-07-22,,mob,"unless they are in sympathy with it ,",NA,NA
86008_0_4906,The Redwood gazette,1891-04-02,the New Orleans,mob,. The governor by,NA,NA
86009_0_4927,The Telegraphcourier,1891-10-15,in the plot to provoke,mob,vio,NA,NA
86009_0_4932,The Telegraphcourier,1891-10-15,members of the,mob,were arrested has been hanged,NA,NA
86009_0_4947,The Telegraphcourier,1891-10-15,by hanging . The,mob,was com,NA,NA
86009_1_4999,The Telegraphcourier,1891-10-15,electric trolley wire . The,mob,,NA,NA
86032_0_5021,Griggs courier,1892-07-22,by a,mob,"at Halley Ark . , for assault -",NA,NA
86032_1_5030,Griggs courier,1892-07-22,and a well - organized,mob,had,NA,NA
86034_0_5041,Burlington weekly free press,1893-09-21,The victims the,mob,were,NA,NA
86041_0_5046,Fairhaven herald,1893-05-09,a,mob,of men determined to lynch,NA,NA
86042_0_5053,The state chronicle,1893-05-10,they were lynched by a,mob,,NA,NA
86044_0_5061,The Kinsley graphic,1893-08-25,"COL . BRENNAN , who led the",mob,in,NA,NA
86044_1_5067,The Kinsley graphic,1893-08-25,,mob,", was leader of a gang of",NA,NA
86080_0_5077,The Mankato free press,1892-05-06,by the,mob,on the jail Friday night in,NA,NA
86080_0_5085,The Mankato free press,1892-05-06,of the,mob,was guilty of murder and,NA,NA
86082_0_5105,Peoples voice,1893-05-12,last night by,masked,men and lynched .,NA,NA
86084_0_5122,The Cape Girardeau Democrat,1892-10-22,A,MOB,"lynched Phil Young , the negro",NA,NA
86089_0_5151,The Globerepublican,1893-08-04,The vengeance of the,mob,did not end,NA,NA
86089_0_5156,The Globerepublican,1893-08-04,A DENVER,MOB,.,NA,NA
86089_0_5166,The Globerepublican,1893-08-04,from the county jail by a,mob,", led by",NA,NA
86090_0_5173,The times,1893-10-01,"whare their brother , whom the",mob,was tell,NA,NA
86090_0_5174,The times,1893-10-01,"Another , that the",mob,there was bent on,NA,NA
86094_0_5214,Phillipsburg herald,1892-02-25,by a,mob,hung . Their color is not,NA,NA
86095_1_5223,Semiweekly interior journal,1893-01-17,"Meade county , taken by a",mob,and,NA,NA
86097_0_5234,Dakota farmers leader,1893-05-19,a,mob,determined to lynch Spencer . The,NA,NA
86131_0_5258,The morning news,1894-09-10,jailed . It is reported that the,mob,which,NA,NA
86131_2_5297,The morning news,1894-09-10,his cell in the parish jail by a,mob,last,NA,NA
86131_2_5311,The morning news,1894-09-10,was made by a,mob,"to kill him ,",NA,NA
86131_2_5314,The morning news,1894-09-10,pistol - he kept the whole,mob,at bay until,NA,NA
86131_2_5316,The morning news,1894-09-10,here was broken into by a,mob,of,NA,NA
86170_1_5350,The evening bulletin,1894-03-23,prevailed the,mob,to let the law,NA,NA
86219_0_5353,Rock Island Argus,1894-07-25,Two negroes were lynched by a,mob,,NA,NA
86219_0_5356,Rock Island Argus,1894-07-25,"Arkansas , and were overtaken by the",mob,",",NA,NA
86220_0_5361,The Hartford republican,1894-02-02,the Paris,mob,and lynching and,NA,NA
86224_0_5379,The sun,1891-12-29,,MOBILE,", Dec . 28 . - Terrible scenes are being",NA,NA
86238_0_5439,Evening star,1894-09-03,"Memphis The lynching , Tenn . , of by the a",mob,"six of negroes white near men the resolutions Gibbons , after spoke which at they length were on was however valued . Mr . at Hazel's 3,500 effects were not in , $ 15th 1,670 sts . . K , in st . front n.w . of between square 15th",NA,NA
86239_0_5497,Birmingham ageherald,1894-09-04,down the,mob,"spirit , for he knows not but",NA,NA
86239_0_5516,Birmingham ageherald,1894-09-04,,mob,and warn the people agains :,NA,NA
86239_1_5518,Birmingham ageherald,1894-09-04,,MOB,VIOLENCE .,NA,NA
86239_1_5523,Birmingham ageherald,1894-09-04,time . A similar outbreak of the,mob,,NA,NA
86239_1_5531,Birmingham ageherald,1894-09-04,of the,mob,spirit when it once breaks,NA,NA
86241_2_5579,The Atlanta constitution,1894-04-10,Hanged to a Tree by a,Mob,.,NA,NA
86241_2_5587,The Atlanta constitution,1894-04-10,to Palmer's island by the,mob,. A rope was,NA,NA
86242_0_5632,The news boy,1894-08-18,committed in England without,mob,,NA,NA
86242_0_5636,The news boy,1894-08-18,,mob,"law , the common law being both",NA,NA
86971_0_5659,The Cheyenne daily leader,1891-01-04,scribe her assailant .,A party of,young,NA,NA
86972_0_5728,The Cheyenne daily leader,1891-01-23,or thirty mounted and,masked,"men ,",NA,NA
86972_0_5738,The Cheyenne daily leader,1891-01-23,prevent the,mob,from lynching,NA,NA
86972_0_5744,The Cheyenne daily leader,1891-01-23,had hung a few minutes the,mob,rode,NA,NA
86972_0_5751,The Cheyenne daily leader,1891-01-23,recognize of the,mob,on account of,NA,NA
86973_0_5758,The Cheyenne daily leader,1891-02-17,Lour last night by a,mob,and hanged to a,NA,NA
86973_0_5764,The Cheyenne daily leader,1891-02-17,recently obtained . It is thought the,mob,,NA,NA
86973_0_5780,The Cheyenne daily leader,1891-02-17,,mob,", after hanging Haynie , quietly dis",NA,NA
86974_0_5827,The Cheyenne daily leader,1891-02-19,chapel,mob,from lynching the blood,NA,NA
86974_1_5866,The Cheyenne daily leader,1891-02-19,night by a,mob,and hanged . They had,NA,NA
86977_1_5988,The Cheyenne daily leader,1891-04-18,,Mob,Law in West Virginia .,NA,NA
86977_1_5990,The Cheyenne daily leader,1891-04-18,atrocious instance of,mob,law occurred at,NA,NA
86977_1_5996,The Cheyenne daily leader,1891-04-18,a,mob,of about twenty - five masked men,NA,NA
86977_1_6002,The Cheyenne daily leader,1891-04-18,"done , the",mob,"set fire to the building , and",NA,NA
86981_0_6082,The Cheyenne daily leader,1892-01-13,,mob,could invent .,NA,NA
86981_0_6090,The Cheyenne daily leader,1892-01-13,police aided the,mob,to kill and wound,NA,NA
86981_0_6127,The Cheyenne daily leader,1892-01-13,,mob,took him out and hanged him to,NA,NA
86982_0_6138,The Cheyenne daily leader,1891-11-28,by a,mob,and hanged to a tree . Many,NA,NA
86983_0_6140,The Cheyenne daily leader,1892-01-19,,MOBILE,", Ala . , Jan . 18 . - Harry Hin",NA,NA
86983_0_6143,The Cheyenne daily leader,1892-01-19,was taken from jail by a,mob,and hanged,NA,NA
86984_0_6151,The Cheyenne daily leader,1891-10-30,"night at Covington , La . , by a",mob,of,NA,NA
87057_0_6164,Arizona republican,1891-02-17,,mob,from lynching their prisoner .,NA,NA
87144_0_6196,The diamond drill,1894-11-17,by a,mob,"near Monticello , Ga . He",NA,NA
87145_0_6202,The Goodland republic,1894-09-07,to punish the members of the,mob,,NA,NA
87145_1_6220,The Goodland republic,1894-09-07,them by a,mob,and hanged to an,NA,NA
87163_0_6229,Iron County register,1893-11-09,the jail by a,mob,", hanged , burned and",NA,NA
87163_0_6239,Iron County register,1893-11-09,the leaders of the,mob,. to,NA,NA
87267_0_6241,The Fort Worth gazette,1891-05-21,sachusetts,mob,hanged a negro . Slowly,NA,NA
87267_0_6244,The Fort Worth gazette,1891-05-21,A KANSAS,mob,got after a negro the,NA,NA
87325_2_6357,The NewsHerald,1894-09-13,the,Mob,.,NA,NA
87325_2_6360,The NewsHerald,1894-09-13,was killed in jail here by a,mob,of,NA,NA
87325_2_6379,The NewsHerald,1894-09-13,an attempt was made by a,mob,to kill,NA,NA
87325_2_6383,The NewsHerald,1894-09-13,,mob,at bay until assistance arrived whole .,NA,NA
87328_3_6391,The farmers union,1894-01-04,21 .,Mob,lynches and burns Robert Smith,NA,NA
87328_7_6412,The farmers union,1894-01-04,by a,mob,numbering thousands . . . . Minister,NA,NA
87357_0_6454,The Dickinson press,1891-08-29,by a,mob,a few hours later . Hawkins,NA,NA
87357_0_6470,The Dickinson press,1891-08-29,At 1 o'clock last night a,mob,of 500 col -,NA,NA
87357_0_6474,The Dickinson press,1891-08-29,of the,mob,impersonated the deputy,NA,NA
87357_0_6480,The Dickinson press,1891-08-29,of the,mob,secured the keys of the jail,NA,NA
87357_0_6484,The Dickinson press,1891-08-29,"was in the rear cell , and when the",mob,,NA,NA
87357_0_6499,The Dickinson press,1891-08-29,was over . The,mob,immediately dispersed,NA,NA
87357_0_6514,The Dickinson press,1891-08-29,by the,mob,", though each participated",NA,NA
87357_0_6530,The Dickinson press,1891-08-29,bystander caught The,mob,", however ,",NA,NA
87503_1_6554,Bismarck weekly tribune,1894-09-14,,mob,"of armed men , who forced their",NA,NA
87521_0_6583,The Ohio Democrat,1891-10-10,captured . A crowd of,masked,"men ,",NA,NA
87882_1_8132,The Forrest City times,1892-05-27,,mob,", and if found will be lynched .",NA,NA
87882_1_8137,The Forrest City times,1892-05-27,the,mob,", and at 11 p . m . a riot alarm",NA,NA
87882_1_8138,The Forrest City times,1892-05-27,Should the,mob,make,NA,NA
87887_0_8200,The Forrest City times,1893-05-19,"town , Ind . , by a",mob,"from Seymour ,",NA,NA
87892_0_8213,The Forrest City times,1894-11-16,the Baxter county jail by a,mob,. A,NA,NA
87892_0_8215,The Forrest City times,1894-11-16,conviction of the,mob,is also offered .,NA,NA
87892_0_8222,The Forrest City times,1894-11-16,a,mob,and lynched . Young Carter,NA,NA
87892_0_8228,The Forrest City times,1894-11-16,"is only 22 years old , and the",mob,which,NA,NA
87917_1_8258,The Forrest City times,1891-10-02,Mayor An Angry,Mob,,NA,NA
87917_1_8278,The Forrest City times,1891-10-02,,mob,", and lacked only a leader to procure",NA,NA
87917_1_8283,The Forrest City times,1891-10-02,prevented a,mob,from lynching Murderer,NA,NA
87917_1_8287,The Forrest City times,1891-10-02,which the,mob,placed near the,NA,NA
87931_0_8374,The Forrest City times,1891-09-04,fore the,mob,had to time to organize .,NA,NA
88092_0_8382,Pine Bluff daily graphic,1894-08-13,A,mob,was gathering to lynch Nersh -,NA,NA
88095_1_8441,Pine Bluff daily graphic,1894-02-22,was the leader of the,mob,made a,NA,NA
88095_1_8448,Pine Bluff daily graphic,1894-02-22,,mob,", but now his lynchers will",NA,NA
88116_0_8454,The Green Forest tribune,1893-05-11,,mob,"lynched Sam Gaillard , colored , and an ex -",NA,NA
88123_0_8461,The Green Forest tribune,1893-05-25,THE same,mob,"that lynched Terrill ,",NA,NA
88302_0_8466,The Russellville Democrat,1893-05-18,But an Indiana,Mob,Heeded Not the,NA,NA
88302_0_8472,The Russellville Democrat,1893-05-18,o'clock this morning a,mob,of 100,NA,NA
88302_0_8484,The Russellville Democrat,1893-05-18,the man the,mob,requested that the,NA,NA
88302_0_8487,The Russellville Democrat,1893-05-18,The,mob,hanged Turley to a tree in,NA,NA
88302_0_8496,The Russellville Democrat,1893-05-18,jail,masked,and about fifty or sixty,NA,NA
88303_0_8507,The Russellville Democrat,1893-04-27,Morrilton,mob,for the lynching of,NA,NA
88307_0_8536,The Russellville Democrat,1893-09-14,,mob,from lynching him . At Wash -,NA,NA
88409_0_8568,Birmingham ageherald,1894-10-27,s of the,mob,who lynched six,NA,NA
88420_0_8592,Birmingham ageherald,1894-09-06,,mob,"who lynched the six negroes , allegedo",NA,NA
88779_0_8620,The Daily bulletin,1894-09-26,the,mob,and the day after the lynch -,NA,NA
88802_0_8642,Iowa state bystander,1894-08-24,the victims of,mob,. violence . We stand,NA,NA
88808_0_8668,Iowa state bystander,1894-11-30,whatever to suppress,mob,violence and,NA,NA
88808_1_8684,Iowa state bystander,1894-11-30,to the reports of,mob,violence that were,NA,NA
88808_4_8703,Iowa state bystander,1894-11-30,excuses for the,mobs,", saying that the",NA,NA
88902_2_8758,The Oskaloosa herald,1892-03-17,when the,mob,demanded his,NA,NA
88902_2_8761,The Oskaloosa herald,1892-03-17,dead . The,mob,hanged Bright and escaped,NA,NA
88906_0_8791,The Oskaloosa herald,1893-03-30,furiated,Mob,.,NA,NA
88906_1_8812,The Oskaloosa herald,1893-03-30,caught the man rear Albia . A,mob,of,NA,NA
88908_0_8817,The Oskaloosa herald,1893-04-27,LYNCHED BY A KANSAS,MOB,.,NA,NA
88908_0_8822,The Oskaloosa herald,1893-04-27,a,mob,of 500 citizens lynched Dan,NA,NA
88908_0_8837,The Oskaloosa herald,1893-04-27,him when overtaken by the,mob,. The,NA,NA
88908_0_8839,The Oskaloosa herald,1893-04-27,The,mob,hauled him out and in ten,NA,NA
88908_0_8843,The Oskaloosa herald,1893-04-27,by the yells of the,mob,. At 9 o'clock,NA,NA
88908_0_8850,The Oskaloosa herald,1893-04-27,"case of Adams , but the",mob,contained,NA,NA
88909_0_8865,The Oskaloosa herald,1893-11-16,to death by the,mob,. The story is that,NA,NA
89037_0_8892,Audubon County Republican,1893-11-30,the,mob,which lynched the,NA,NA
89038_0_8906,Audubon Republican,1894-07-05,and a,mob,began forming for the,NA,NA
89038_1_8915,Audubon Republican,1894-07-05,this place and hanged by a,mob,to a,NA,NA
89041_0_8921,Audubon Republican,1894-05-17,Kas . and a,mob,lynched him .,NA,NA
89044_0_8926,Audubon County Republican,1893-11-30,the,mob,which lynched the man,NA,NA
89293_1_8943,The Iowa plain dealer,1891-07-02,A,MOB,lynched Henry Jones ( colored ),NA,NA
89294_0_8963,The Iowa plain dealer,1891-08-27,that his,captors,fought their way,NA,NA
89294_0_8964,The Iowa plain dealer,1891-08-27,through the excited,mob,and carried,NA,NA
89294_1_8971,The Iowa plain dealer,1891-08-27,jail by a,mob,Mooney and lynched .,NA,NA
89295_0_8972,The Iowa plain dealer,1891-02-12,A,MOB,lynched Green Jackson ( colored,NA,NA
89303_0_8994,The Caldwell tribune,1893-09-23,taken from the Sheriff by,mob,,NA,NA
89303_0_9005,The Caldwell tribune,1893-09-23,,mob,"and hanged , and Broyles ,",NA,NA
89342_0_9105,Idaho semiweekly world,1893-08-08,"hanged Walker , by who a was",mob,taken . Several from men jail sus - and the would,NA,NA
89347_0_9110,Idaho semiweekly world,1891-07-17,a,mob,"at Port Gaines , Ga . , for attempt to",NA,NA
89458_1_9154,Blackfoot news,1893-05-13,,mob,sends a chill to the heart of humanity,NA,NA
89470_0_9352,The Kootenai herald,1894-09-08,LED INTO THE,MOB'S,HANDS .,NA,NA
89470_0_9357,The Kootenai herald,1894-09-08,the,mob,that lynched the six alleged,NA,NA
89470_0_9363,The Kootenai herald,1894-09-08,into the hands of the,mob,. them,NA,NA
89543_0_9366,The Indianapolis journal,1891-05-25,,Mob,from Attacking the Decatur Jail .,NA,NA
89543_0_9388,The Indianapolis journal,1891-05-25,,mob,before starting and give information,NA,NA
89543_0_9396,The Indianapolis journal,1891-05-25,him from the reach of the,mob,. The,NA,NA
89543_0_9405,The Indianapolis journal,1891-05-25,Farmers Diversifying Their,mob,Crops .,NA,NA
89547_0_9406,The Indianapolis journal,1892-01-11,Panic - Stricken,Mob,of Lynchers .,NA,NA
89547_0_9408,The Indianapolis journal,1892-01-11,was made last night by a,mob,of thirty,NA,NA
89547_0_9409,The Indianapolis journal,1892-01-11,,masked,"men to lynch Lem Gouldsberry ,",NA,NA
89547_0_9415,The Indianapolis journal,1892-01-11,The,mob,had entered the corridor,NA,NA
89547_0_9417,The Indianapolis journal,1892-01-11,exploded and the,mob,", which lacked organization",NA,NA
89547_0_9421,The Indianapolis journal,1892-01-11,"by the flying bullets , but the",mob,was very,NA,NA
89549_0_9475,The Indianapolis journal,1891-12-29,,MOBILE,", Ala . , Dec . 28 . - - Terrible scenes",NA,NA
89549_1_9513,The Indianapolis journal,1891-12-29,were lynched by a,masked,mob about,NA,NA
89573_0_9548,Huntsville gazette,1891-08-29,by a determined,mob,and hanged to the,NA,NA
89579_0_9623,Huntsville gazette,1893-05-27,,mob,and hanged the nearest trees .,NA,NA
89580_0_9648,Huntsville gazette,1891-11-07,.,mob,was gathering to lynch,NA,NA
89580_1_9674,Huntsville gazette,1891-11-07,by,mob,", as at the other three branch",NA,NA
89581_0_9677,Huntsville gazette,1893-05-20,The Seymour,Mob,that Hanged Turley,NA,NA
89581_0_9683,Huntsville gazette,1893-05-20,"town at 2 a . m . , by a",mob,from this,NA,NA
89582_0_9714,Huntsville gazette,1892-06-18,"At Albermarle , N . C . , a",mob,hung J .,NA,NA
89585_0_9759,Huntsville gazette,1894-09-08,them into the hands of the,mob,by,NA,NA
89585_1_9785,Huntsville gazette,1894-09-08,the,mob,"who ynched six negroes , the",NA,NA
89585_1_9801,Huntsville gazette,1894-09-08,who composed the,mob,. There,NA,NA
89585_2_9821,Huntsville gazette,1894-09-08,been leader of the,mob,; Mike Strick,NA,NA
89587_0_9851,Huntsville gazette,1893-10-07,a,mob,,NA,NA
89589_0_9853,Huntsville gazette,1893-02-18,Speak Out Against,Mob,Law .,NA,NA
89589_0_9861,Huntsville gazette,1893-02-18,,Mob,law is a menance to the safes,NA,NA
89589_0_9869,Huntsville gazette,1893-02-18,out and hanged by a,mob,"who had ,",NA,NA
89589_0_9926,Huntsville gazette,1893-02-18,"was , whom the",mob,hanged from the,NA,NA
89607_0_10057,Huntsville gazette,1893-09-23,,mobs,. It is this : Once a community,NA,NA
89607_0_10058,Huntsville gazette,1893-09-23,admits the right of a,mob,to lynch,NA,NA
89607_0_10061,Huntsville gazette,1893-09-23,of justice to the,mob,",",NA,NA
89607_0_10086,Huntsville gazette,1893-09-23,all .,Mob,law has been steadily,NA,NA
89607_0_10095,Huntsville gazette,1893-09-23,It is now a sure passport to,mob,,NA,NA
89632_0_10142,The Indianapolis journal,1893-04-11,,moblynched,him .,NA,NA
89632_0_10145,The Indianapolis journal,1893-04-11,was lynched night by a,mob,for killing,NA,NA
89637_0_10148,River Falls journal,1892-11-03,A,MOB,lynched Allen Parker ( colored ),NA,NA
89726_0_10201,Arizona silver belt,1893-06-10,have to commend,mob,law and lynching,NA,NA
90010_0_10221,The Indiana State sentinel,1893-01-04,was stated to the,mob,. A committee of,NA,NA
90012_1_10242,The Indiana State sentinel,1893-05-24,,MOB,LAW .,NA,NA
90012_1_10247,The Indiana State sentinel,1893-05-24,and other phases of,mob,rule have manifested,NA,NA
90012_1_10253,The Indiana State sentinel,1893-05-24,Apaches . A,mob,of 100 masked men took a,NA,NA
90012_2_10272,The Indiana State sentinel,1893-05-24,whetted the appetite of the,mob,for,NA,NA
90012_3_10281,The Indiana State sentinel,1893-05-24,The effect of the,mob's,action on society and,NA,NA
90012_3_10286,The Indiana State sentinel,1893-05-24,,mob,"stronger than the law , and thus justice",NA,NA
90012_3_10292,The Indiana State sentinel,1893-05-24,the,mob,", however incensed they may feel . Any",NA,NA
90012_5_10314,The Indiana State sentinel,1893-05-24,the Bedford,mob,makes the affair the more deplorable .,NA,NA
90012_6_10362,The Indiana State sentinel,1893-05-24,suggestion of the and give,mob,law legal,NA,NA
90013_0_10365,The Indiana State sentinel,1892-01-20,,Mob,.,NA,NA
90015_0_10413,The Indiana State sentinel,1892-01-13,by a,mob,"in parish , Louisiana , for",NA,NA
90019_0_10449,The Indiana State sentinel,1894-03-07,A,mob,attempted to lynch a negro at,NA,NA
90022_0_10578,The Indiana State sentinel,1893-12-27,,mob,bent on lynching ex - Sheriff,NA,NA
90027_0_10605,The Indiana State sentinel,1894-05-16,as this was being done one of the,mob,,NA,NA
90027_0_10617,The Indiana State sentinel,1894-05-16,about 11 o'clock a,mob,of fifty masked,NA,NA
90027_0_10621,The Indiana State sentinel,1894-05-16,overpowered by the,masked,"men , who",NA,NA
90027_0_10625,The Indiana State sentinel,1894-05-16,The sheriff entreated his,captors,to desist,NA,NA
90027_0_10628,The Indiana State sentinel,1894-05-16,threats that the unlock,mob,would have the,NA,NA
90030_0_10663,The Indiana State sentinel,1894-10-24,before daybreak forty,masked,men rode up,NA,NA
90033_0_10707,The Indiana State sentinel,1894-11-21,lynching,mob,was forming here last night,NA,NA
90033_1_10723,The Indiana State sentinel,1894-11-21,It is thought by some that the,mob,,NA,NA
90037_0_10728,The Indiana State sentinel,1894-10-17,""" Quiet and Orderly",Mob,""" Hangs the",NA,NA
90037_0_10737,The Indiana State sentinel,1894-10-17,have been held today . The,mob,was a,NA,NA
90037_0_10740,The Indiana State sentinel,1894-10-17,told the,mob,if they hung him they would,NA,NA
90037_0_10742,The Indiana State sentinel,1894-10-17,12 : 15 this morning and then the,mob,quickly,NA,NA
90038_1_10763,The Indiana State sentinel,1893-11-08,,mob,"a few weeks ago , came to an ab -",NA,NA
8932_0_10780,The Seattle postintelligencer,1894-08-21,,mob,law with unsparing vigor .,NA,NA
8932_0_10781,The Seattle postintelligencer,1894-08-21,He affirms that,mobs,could not exist if we,NA,NA
8932_0_10783,The Seattle postintelligencer,1894-08-21,public journals which confound the,mob,,NA,NA
8932_0_10784,The Seattle postintelligencer,1894-08-21,with the people and describe,mob,violence,NA,NA
8932_0_10804,The Seattle postintelligencer,1894-08-21,â€¢ Should a,mob,pass and promulgate,NA,NA
8933_0_10822,The Atlanta constitution,1893-02-28,"affair , about fifty men composing the",mob,.,NA,NA
8933_0_10860,The Atlanta constitution,1893-02-28,this evening four,masked,men boldly attempted,NA,NA
8943_0_10932,The Superior times,1893-05-13,Avenged by a,Mob,.,NA,NA
8943_0_10942,The Superior times,1893-05-13,his store at midnight . The,mob,", consisting",NA,NA
9570_0_10954,The Guthrie daily leader,1893-12-07,,mob,"broke into a court room , ove",NA,NA
9570_0_10970,The Guthrie daily leader,1893-12-07,swiftly resorts to,mob,and,NA,NA
9579_0_10987,The evening bulletin,1893-09-02,"there , upon the occasion of a",mob,in that,NA,NA
9579_0_10995,The evening bulletin,1893-09-02,,mob,by proclaiming that he would,NA,NA
9579_0_11000,The evening bulletin,1893-09-02,"than that of others , and the",mob,,NA,NA
9582_0_11016,The Stark County Democrat,1893-03-30,An angry,mob,started out to lynch Latin,NA,NA
9582_0_11019,The Stark County Democrat,1893-03-30,and took another road and evaded the,mob,.,NA,NA
9649_0_11102,Idaho County free press,1893-04-14,,mob,of negroes for the murder of,NA,NA
9649_2_11129,Idaho County free press,1893-04-14,and lynched by a,mob,"of citizens . "" Kis """,NA,NA
9649_2_11130,Idaho County free press,1893-04-14,"Redd fled , pursued by the",mob,", and is",NA,NA
9649_3_11140,Idaho County free press,1893-04-14,lynching of Fuen by a,mob,early,NA,NA
9708_0_11191,Waterbury evening Democrat,1891-10-12,The Omaha,Mob,Attempts to Rescue Its,NA,NA
9708_0_11197,Waterbury evening Democrat,1891-10-12,,mob,"that lynched Coe , were arrested",NA,NA
9708_0_11222,Waterbury evening Democrat,1891-10-12,the,mob,dispersed . The city and county,NA,NA
9746_0_11233,Iuka reporter,1894-04-26,A,mob,of over 200 masked men,NA,NA
9761_1_11271,The Cecil Whig,1891-05-16,John Fields was hung by a,mob,near,NA,NA
9761_2_11303,The Cecil Whig,1891-05-16,,mob,secured the prisoner . The lynching,NA,NA
9761_2_11308,The Cecil Whig,1891-05-16,Tree . A,Mob's,"Violence in Centreville ,",NA,NA
9761_2_11316,The Cecil Whig,1891-05-16,body of,masked,men shortly after 1,NA,NA
9761_2_11321,The Cecil Whig,1891-05-16,hanging the,mob,"would interpose , but",NA,NA
9761_2_11332,The Cecil Whig,1891-05-16,all of them,masked,and complete,NA,NA
9761_2_11338,The Cecil Whig,1891-05-16,law . The,mob,overpowered the jail,NA,NA
9761_2_11372,The Cecil Whig,1891-05-16,effort to keep the,mob,back but several,NA,NA
9761_2_11384,The Cecil Whig,1891-05-16,,mob,then opened the doors leading to,NA,NA
9761_2_11449,The Cecil Whig,1891-05-16,so quickly and the,masks,and disguises,NA,NA
9852_0_11470,Delaware gazette and state journal,1892-06-09,by a Vengeful,Mob,.,NA,NA
9852_0_11533,Delaware gazette and state journal,1892-06-09,was taken in hand by the,mob,. The village,NA,NA
9852_0_11539,Delaware gazette and state journal,1892-06-09,With this object in view the,mob,tied a,NA,NA
9852_0_11543,Delaware gazette and state journal,1892-06-09,By this time the,mob,had reached a state,NA,NA
9852_0_11561,Delaware gazette and state journal,1892-06-09,hands of his,captors,in relation to Foley .,NA,NA
9852_0_11586,Delaware gazette and state journal,1892-06-09,electric light a halt was made by the,mob,,NA,NA
9852_0_11595,Delaware gazette and state journal,1892-06-09,pounded by the,mob,", without mercy ;",NA,NA
13810_0_11637,Phillipsburg herald,1894-05-17,One of the most determined,mobs,,NA,NA
14257_0_11699,Pine Bluff daily graphic,1894-09-11,the,mob,", and told how the negroes",NA,NA
14257_0_11703,Pine Bluff daily graphic,1894-09-11,,mob,would be in waiting .,NA,NA
14257_0_11718,Pine Bluff daily graphic,1894-09-11,,mob,", but the lynching came off on",NA,NA
14276_0_11738,Arizona weekly journalminer,1892-03-02,"At warner , Ark . , a",mob,lynched,NA,NA
14277_0_11756,Arizona weekly journalminer,1894-05-02,,mob,battered the jail and lyuched,NA,NA
14317_0_11787,Morning journal and courier,1891-07-10,jail at that place by,mob,and hanged to a railroad,NA,NA
14321_0_11803,Waterbury evening Democrat,1893-10-17,wrath of a,mob,of negroes bent on lynching,NA,NA
14346_0_11816,Los Angeles herald,1892-01-27,,mob,was about to lynch them . a,NA,NA
14350_0_11821,The morning call,1891-07-27,jail last night by a,mob,of 500 men,NA,NA
14354_0_11836,The recordunion,1891-03-27,authorities by a,mob,and lynched . the,NA,NA
14366_1_11865,The Wilmington daily Republican,1891-08-24,Bruce . A,mob,of men then took Haw - ception,NA,NA
14368_0_11872,The Wilmington daily Republican,1894-10-15,A,Mob,Took Him from the Carried,NA,NA
14368_0_11916,The Wilmington daily Republican,1894-10-15,A,mob,was quickly formed and marched,NA,NA
14368_0_11922,The Wilmington daily Republican,1894-10-15,told the,mob,that he did not care what,NA,NA
14368_0_11934,The Wilmington daily Republican,1894-10-15,his,captors,", and uttering wild imprecations m . .",NA,NA
14368_0_11940,The Wilmington daily Republican,1894-10-15,of shots were fired into him . The,mob,"m . ,",NA,NA
14368_0_11945,The Wilmington daily Republican,1894-10-15,35 cut down . None of the,mob,made any at - For,NA,NA
14369_0_11975,The Wilmington daily Republican,1894-07-17,court house here by a,mob,and hanged to,NA,NA
14370_0_11985,The Wilmington daily Republican,1892-04-30,made by a,mob,to lynch the colored esting,NA,NA
90174_0_12050,Arizona republican,1891-03-15,of the Course of the,Mob,- History,NA,NA
90174_0_12063,Arizona republican,1891-03-15,This was not an unruly midnight,mob,;,NA,NA
90174_0_12217,Arizona republican,1891-03-15,ticipation of the coming of the,mob,an - .,NA,NA
90174_2_12382,Arizona republican,1891-03-15,such that,mob,law and lynching were,NA,NA
90176_0_12527,Arizona republican,1891-04-01,and had been slain by an angry,mob,.,NA,NA
90176_6_12761,Arizona republican,1891-04-01,the,mob,"who lynched Italian citizens . """,NA,NA
90232_1_12848,Arizona republican,1892-03-18,WANTED BY A,MOB,.,NA,NA
90232_1_12854,Arizona republican,1892-03-18,a,mob,"intent on lynching him , will",NA,NA
90232_1_12869,Arizona republican,1892-03-18,,mob,has asked for a new trial .,NA,NA
90236_0_12874,Arizona republican,1891-10-13,the,mob,who lynched the negro ravisher,NA,NA
90236_1_12913,Arizona republican,1891-10-13,,mob,was organized to lynch him . He,NA,NA
90253_0_12917,The Indiana State sentinel,1891-04-01,Lynched by a,Mob,.,NA,NA
90253_0_12939,The Indiana State sentinel,1891-04-01,,mob,which had gathered to lynch him . a,NA,NA
90254_0_12940,The Indiana State sentinel,1891-05-06,night a,mob,took Taylor out and hung,NA,NA
90255_0_12945,The Indiana State sentinel,1891-03-18,such that,mob,law and lynching were,NA,NA
90255_3_12989,The Indiana State sentinel,1891-03-18,"said : "" It is hard to say when",mob,law is,NA,NA
90255_3_13008,The Indiana State sentinel,1891-03-18,a crazy,mob,". It was the calm , deliberate",NA,NA
90256_0_13044,The Indiana State sentinel,1891-02-18,chapel,mob,from lynching the blood -,NA,NA
90257_0_13055,The Indiana State sentinel,1891-03-18,A Kentucky,Mob,Hangs an Alleged Poisoner,NA,NA
90257_0_13058,The Indiana State sentinel,1891-03-18,"Ky . , dispatch says a",mob,went to the,NA,NA
90258_0_13068,The Indiana State sentinel,1891-04-15,,masked,men broke into jail here at one,NA,NA
90258_0_13082,The Indiana State sentinel,1891-04-15,escaped jail . The,mob,overpowered the,NA,NA
90258_0_13085,The Indiana State sentinel,1891-04-15,bodies with bullets . The,mob,then,NA,NA
90310_0_13131,Arizona republican,1893-11-16,the depot the,mob,made a desperate,NA,NA
90317_1_13167,The Coconino weekly sun,1893-09-28,A,Mob,Attempts to Lynch a Negro Villain,NA,NA
90317_1_13194,The Coconino weekly sun,1893-09-28,At 8 o'clock portions of the,mob,battered,NA,NA
90317_1_13198,The Coconino weekly sun,1893-09-28,by the,mob,and the mayor shot in the,NA,NA
90317_1_13202,The Coconino weekly sun,1893-09-28,into the,mob,. Seven men were killed,NA,NA
90321_0_13247,The Coconino weekly sun,1894-01-18,"sell , Kan . A determined",mob,hung to,NA,NA
90322_0_13254,The Coconino weekly sun,1894-01-04,,mob,were killed . of,NA,NA
90322_1_13257,The Coconino weekly sun,1894-01-04,a,mob,"which purposed lynch them , killing",NA,NA
90322_2_13260,The Coconino weekly sun,1894-01-04,"prisoner at Roanoke , Va . ,",mob,and soldiery,NA,NA
90323_0_13266,The Coconino weekly sun,1893-09-28,secured by the,mob,", hanged , shot and",NA,NA
90325_0_13281,The Coconino sun,1891-08-08,escaped from the,mob,", who were driving",NA,NA
90325_1_13293,The Coconino sun,1891-08-08,"from Gordon , a",mob,took from the,NA,NA
90412_0_13324,The Indianapolis journal,1893-08-20,camp men were in the,mob,that lynched,NA,NA
90412_0_13328,The Indianapolis journal,1893-08-20,in the,mob,that gathered and was dispersed,NA,NA
90430_0_13335,The Indianapolis journal,1894-06-02,"as I am , I would lead a",mob,to lynch any,NA,NA
90554_0_13367,Arizona republican,1893-04-09,"Fuen , wo was lynched by a",mob,last,NA,NA
90554_0_13372,Arizona republican,1893-04-09,leaders of the,mob,"were , and it is even",NA,NA
90554_0_13376,Arizona republican,1893-04-09,"out , though few of the",mob,wore masks,NA,NA
90556_0_13381,Arizona republican,1893-05-21,Hanged by a,Mob,.,NA,NA
90556_0_13384,Arizona republican,1893-05-21,,mob,of 100 men appeared before the,NA,NA
90556_0_13396,Arizona republican,1893-05-21,After lynching their man the,mob,requested,NA,NA
90556_0_13400,Arizona republican,1893-05-21,The,mob,hanged Terrell to a tree in,NA,NA
90556_0_13408,Arizona republican,1893-05-21,jail,masked,and about fifty or sixty,NA,NA
90560_0_13446,Arizona republican,1892-06-17,He was arrested and a,mob,surround -,NA,NA
90560_0_13474,Arizona republican,1892-06-17,lynching . A great,mob,of negroes surrounds,NA,NA
90560_0_13568,Arizona republican,1892-06-17,The yell of a determined,mob,is momentarily,NA,NA
90560_0_13579,Arizona republican,1892-06-17,At 2 o'clock a . ni . large,mobs,of men,NA,NA
90563_0_13595,Arizona republican,1893-09-26,,mob,"to be brutally murdered , or",NA,NA
90563_0_13603,Arizona republican,1893-09-26,to only by,masked,desperadoes was,NA,NA
90576_0_13621,Arizona republican,1892-05-06,A,MOB'S,TERRIBLE WORK AT THE,NA,NA
90576_0_13624,Arizona republican,1892-05-06,By an Infuriated,Mob,"in Nashville ,",NA,NA
90576_0_13627,Arizona republican,1892-05-06,"NASHVILLE , Tenn . , May 5 . - The",mob,,NA,NA
90576_0_13656,Arizona republican,1892-05-06,This afternoon a,mob,formed on the,NA,NA
90576_0_13659,Arizona republican,1892-05-06,the,mob,reached the jail four or five,NA,NA
90576_0_13665,Arizona republican,1892-05-06,him out amid the cheers of the,mob,.,NA,NA
90576_0_13675,Arizona republican,1892-05-06,"self defense , and when the",mob,entered,NA,NA
90576_0_13683,Arizona republican,1892-05-06,above the water the,mob,fired at least,NA,NA
90576_0_13689,Arizona republican,1892-05-06,infuriated,mob,would reach over the,NA,NA
90744_0_13716,Chicago eagle,1893-02-11,but the,mob,was bent on lynching Watts .,NA,NA
90745_0_13726,Chicago eagle,1893-05-20,A,mob,composed of many of the same,NA,NA
90745_0_13738,Chicago eagle,1893-05-20,and the,mob,quietly dispersed . The Sheriff,NA,NA
90745_0_13740,Chicago eagle,1893-05-20,and the guard had no keys ; so the,mob,,NA,NA
90745_1_13746,Chicago eagle,1893-05-20,2 : 10 o'clock this morning a,mob,of 100 men,NA,NA
90745_1_13760,Chicago eagle,1893-05-20,their man the,mob,requested that the,NA,NA
90745_1_13769,Chicago eagle,1893-05-20,were forty - three men at the jail,masked,,NA,NA
90747_0_13776,Chicago eagle,1893-01-07,,mob,"of lynchers at Bakersville , Mitchell",NA,NA
90747_0_13779,Chicago eagle,1893-01-07,of the,mob,cost at least thirty more lives .,NA,NA
90807_2_13835,The Bessemer indicator,1893-02-18,"custody , and Monday morning a",mob,congregated,NA,NA
90820_0_13901,The Bessemer indicator,1894-04-14,,mob,who killed Paddock .,NA,NA
90820_0_13904,The Bessemer indicator,1894-04-14,riotous,mob,of sixty Hungarian women,NA,NA
90820_0_13908,The Bessemer indicator,1894-04-14,,mob,. Men were knocked down and,NA,NA
90841_0_13971,Chicago eagle,1894-10-27,for safekeeping and a,mob,lynched him .,NA,NA
91117_1_14079,The Meeker herald,1893-08-05,disposition to let the,mob,run the city for,NA,NA
91117_2_14102,The Meeker herald,1893-08-05,A Big,Mob,With Little Dimculty Cap -,NA,NA
91117_2_14109,The Meeker herald,1893-08-05,however that the victim of the,mob,was,NA,NA
91117_2_14129,The Meeker herald,1893-08-05,"the day , and at 8 o'clock",a party of,army,NA,NA
91117_2_14149,The Meeker herald,1893-08-05,the jall was thronged by an excited,mob,of,NA,NA
91117_2_14164,The Meeker herald,1893-08-05,of the,mob,", and they explained as best they",NA,NA
91117_2_14171,The Meeker herald,1893-08-05,of the movement . In the whole,mob,there,NA,NA
91117_2_14189,The Meeker herald,1893-08-05,awed the,mob,", and had it been followed up at",NA,NA
91117_2_14191,The Meeker herald,1893-08-05,"others , the",mob,", big as it was , could probably",NA,NA
91117_2_14264,The Meeker herald,1893-08-05,than diminished the zeal of the,mob,.,NA,NA
91117_2_14296,The Meeker herald,1893-08-05,rush the,mob,went into the jall .,NA,NA
91117_2_14314,The Meeker herald,1893-08-05,to give them up and the,mob,proceeded,NA,NA
91117_2_14359,The Meeker herald,1893-08-05,The,mob,was not yet satisfied and pro,NA,NA
91429_0_14469,Morning journal and courier,1891-09-28,by a,Mob,.,NA,NA
91429_0_14491,Morning journal and courier,1891-09-28,surrounded by a howling,mob,and lacks,NA,NA
91429_1_14498,Morning journal and courier,1891-09-28,A Rurly Negro Lynched by a,Mob,in,NA,NA
91429_2_14520,Morning journal and courier,1891-09-28,"or keys , but the",mob,forced an entrance .,NA,NA
91431_0_14533,Morning journal and courier,1892-06-13,"was away . He was arrested , and a",mob,,NA,NA
91432_0_14566,Morning journal and courier,1892-01-16,evening by a,mob,of 500 with the above,NA,NA
91433_0_14589,Morning journal and courier,1892-01-13,this morning &,mob,took him out and,NA,NA
91434_0_14605,Morning journal and courier,1891-08-24,night a,mob,of five hundred collected,NA,NA
91434_0_14611,Morning journal and courier,1891-08-24,five minutes the,mob,dispersed bullets . to,NA,NA
91435_0_14627,Morning journal and courier,1893-09-21,the,Mob,Attempt to Lynch Him -,NA,NA
91435_0_14672,Morning journal and courier,1893-09-21,At 8 o'clock portions of the,mob,battered,NA,NA
91435_0_14675,Morning journal and courier,1893-09-21,Being refused admission the,mob,commenced,NA,NA
91435_0_14679,Morning journal and courier,1893-09-21,twenty - five rifles was poured into the,mob,.,NA,NA
91435_0_14715,Morning journal and courier,1893-09-21,the Hastings court assured the,mob,that let,NA,NA
91438_0_14746,Morning journal and courier,1891-05-01,jailed . Last night a well organized,mob,,NA,NA
91438_0_14752,Morning journal and courier,1891-05-01,,mob,then dispersed . Most of the mob,NA,NA
91440_0_14818,Morning journal and courier,1893-07-24,A,Mob,"of Men Raid a Jail , Take Lee",NA,NA
91440_0_14838,Morning journal and courier,1893-07-24,The,mob,then battered down the,NA,NA
91440_0_14867,Morning journal and courier,1893-07-24,body was cut down the,mob,raided a lumber,NA,NA
91450_0_14875,The daily morning journal and courier,1894-10-20,,mob,to lynch the negro Dolby on Wed -,NA,NA
91452_0_14883,Morning journal and courier,1891-03-10,been made when the,mob,changed its,NA,NA
91455_0_14893,Waterbury evening Democrat,1892-03-15,examined when the,mob,demanded his,NA,NA
91455_0_14896,Waterbury evening Democrat,1892-03-15,The,mob,"hanged Bright and escaped , .",NA,NA
91456_0_14898,Waterbury evening Democrat,1892-07-25,"Tired of the Law's Delay , a",Mob,Hangs,NA,NA
91461_0_14931,Waterbury evening Democrat,1891-10-19,Terrible Vengeance of a,Mob,,NA,NA
91461_0_14936,Waterbury evening Democrat,1891-10-19,Furlous Was the,Mob,That it Went,NA,NA
91461_0_14977,Waterbury evening Democrat,1891-10-19,About 11 p . m . a,mob,of 300 surrounded,NA,NA
91461_0_14983,Waterbury evening Democrat,1891-10-19,"place , but the",mob,would not listen and,NA,NA
91461_0_14987,Waterbury evening Democrat,1891-10-19,,mob,released the boy and attempted to,NA,NA
91461_0_14997,Waterbury evening Democrat,1891-10-19,The,mob,tied them to the same rope,NA,NA
91464_0_15032,Waterbury evening Democrat,1891-07-27,last night by,a party of,over three hundred,NA,NA
91466_0_15048,Waterbury evening Democrat,1893-01-12,"Ark . , by a",mob,"and hanged . ,",NA,NA
91470_0_15066,Waterbury evening Democrat,1894-06-29,by a sheriff's posse . An enraged,mob,,NA,NA
91476_0_15080,Waterbury evening Democrat,1893-07-28,A Great,Mob,of Unemployed and Desperate,NA,NA
91476_0_15122,Waterbury evening Democrat,1893-07-28,While the,mob,was hanging and brutally,NA,NA
91476_0_15151,Waterbury evening Democrat,1893-07-28,of the,mob,", though a few of them",NA,NA
91476_0_15162,Waterbury evening Democrat,1893-07-28,aking the,law into their own hands,.,NA,NA
91477_0_15188,Waterbury evening Democrat,1893-07-24,HANGED BY A,MOB,.,NA,NA
91477_0_15197,Waterbury evening Democrat,1893-07-24,Lendon had given it out that the,mob,,NA,NA
91477_0_15205,Waterbury evening Democrat,1893-07-24,,mob,being composed chiefly of drunken,NA,NA
91477_0_15213,Waterbury evening Democrat,1893-07-24,He was carried to a bedroom and the,mob,,NA,NA
91477_0_15242,Waterbury evening Democrat,1893-07-24,body was cut down the,mob,raided a lumber,NA,NA
91479_0_15246,Waterbury evening Democrat,1893-07-29,No One Knew the,Mob,Leaders .,NA,NA
91479_0_15255,Waterbury evening Democrat,1893-07-29,were of the,mob,.,NA,NA
91634_0_15266,The morning call,1892-10-23,riot is impending here . A,mob,is being,NA,NA
91634_1_15282,The morning call,1892-10-23,REASONING WITH A,MOB,.,NA,NA
91634_1_15296,The morning call,1892-10-23,on the,mob,to allow the law to take its,NA,NA
91636_0_15328,The morning call,1893-09-30,the,mob,lynched the foreigner . night,NA,NA
91656_0_15339,The morning call,1891-10-30,( colored ) was lynched last night by a,mob,of,NA,NA
91657_0_15344,The morning call,1891-10-02,by,Masked,Men .,NA,NA
91657_0_15365,The morning call,1891-10-02,Landing a crowd of,masked,", mounted and",NA,NA
91660_0_15391,Los Angeles herald,1891-02-25,,Mob,.,NA,NA
91660_0_15400,Los Angeles herald,1891-02-25,This morning at 4 o'clock a,mob,took,NA,NA
91663_0_15526,Los Angeles herald,1892-07-20,"posse arrested , but a",mob,took,NA,NA
91677_0_15530,Los Angeles herald,1892-02-28,by a,Mob,.,NA,NA
91677_0_15535,Los Angeles herald,1892-02-28,the jail by an armed,mob,last night and,NA,NA
91679_0_15642,Los Angeles herald,1892-09-12,,mob,and lynching Brown . He had already,NA,NA
91679_0_15645,Los Angeles herald,1892-09-12,The leader of the,mob,on that day is,NA,NA
91681_0_15671,Los Angeles herald,1893-01-05,night a,mob,of 500 masked men entered,NA,NA
91681_0_15676,Los Angeles herald,1893-01-05,. About 25 of the,mob,were killed .,NA,NA
91681_0_15723,Los Angeles herald,1893-01-05,getting a,mob,of nearly 400 men together,NA,NA
91681_0_15729,Los Angeles herald,1893-01-05,It was after midnight when the,mob,,NA,NA
91681_0_15733,Los Angeles herald,1893-01-05,the,mob,and the deputies . Almost at,NA,NA
91681_0_15740,Los Angeles herald,1893-01-05,wounded . Then tho,mob,", with a yell of",NA,NA
91681_0_15753,Los Angeles herald,1893-01-05,The names of those of the,mob,who,NA,NA
91681_0_15772,Los Angeles herald,1893-01-05,The,mob,"is still under arms , but in",NA,NA
91681_0_15784,Los Angeles herald,1893-01-05,the sheriff's posse and the,mob,are regarded,NA,NA
91682_0_15791,Los Angeles herald,1891-09-28,,mob,and hanged . Mock a few days ago,NA,NA
91683_0_15794,Los Angeles herald,1891-10-11,,MOB,MEMBERS . OMAHA,NA,NA
91683_0_15799,Los Angeles herald,1891-10-11,to Liberate Them by Force - The,Mob,,NA,NA
91683_0_15802,Los Angeles herald,1891-10-11,of the,mob,which lynched the,NA,NA
91683_0_15820,Los Angeles herald,1891-10-11,When the,mob,gathered in front of,NA,NA
91684_0_15832,Los Angeles herald,1891-09-22,today an infuriated,mob,took from the,NA,NA
91685_0_15844,Los Angeles herald,1891-09-19,A White,Mob,Trying to Lynch a Negro,NA,NA
91685_0_15857,Los Angeles herald,1891-09-19,tonight a,mob,of whites assembled,NA,NA
91685_0_15861,Los Angeles herald,1891-09-19,fight between the two,mobs,is imminent,NA,NA
91686_1_15910,The herald microfilm reel,1893-02-22,A,Mob's,Victim .,NA,NA
91686_1_15912,The herald microfilm reel,1893-02-22,"Ala . , this morning , a",mob,lynched Rich -,NA,NA
91691_0_15940,The herald microfilm reel,1893-02-08,are taken by a,mob,"and lynched , the",NA,NA
14436_0_15951,Waterbury evening Democrat,1893-01-02,", lynched by",mob,near Wamack Hill Ala,NA,NA
14437_0_15973,Waterbury evening Democrat,1894-04-24,officers could get Tuggle away a,mob,,NA,NA
14455_0_15989,Evening journal,1891-09-04,,mob,"who cried "" Lynch him ! "" He was",NA,NA
14459_0_15994,The Cheyenne daily leader,1891-10-11,of the,mob,which lynched the negro,NA,NA
14459_0_16011,The Cheyenne daily leader,1891-10-11,When the,mob,gathered in front of,NA,NA
14511_0_16051,Wheeling register,1893-06-05,the entire,mob,of lynchers prosecuted,NA,NA
14525_0_16246,Wheeling register,1892-06-30,bout 11 o'clock a,mob,went to the Wood -,NA,NA
14527_0_16279,Wheeling Sunday register,1894-11-11,"H . , O . , who recently prevented a",mob,,NA,NA
14555_0_16315,Martinsburg independent,1892-07-02,night a,mob,"took Tom Lilliard , a negro",NA,NA
14579_1_16480,Iowa County democrat,1893-08-18,Am Indiana,mob,attempted to lynch,NA,NA
14581_2_16506,Iowa County democrat,1892-04-08,"AT Millersburg , Ohio , a",mob,lynched an,NA,NA
14582_0_16512,Iowa County democrat,1891-07-10,WHISKEY,MOB,.,NA,NA
14582_0_16525,Iowa County democrat,1891-07-10,,mob,attacked and cut then badly . They,NA,NA
14582_0_16528,Iowa County democrat,1891-07-10,,mob,from executing a threat of lynching,NA,NA
14582_1_16547,Iowa County democrat,1891-07-10,"of Beyrout , and were joined by such a",mob,,NA,NA
14597_0_16560,Grant County herald,1892-11-10,by a,mob,"at New Monroeville , Ala . ,",NA,NA
14597_2_16567,Grant County herald,1892-11-10,"from jail at Jonesville , La . , by a",mob,,NA,NA
14598_0_16570,Grant County herald,1893-04-27,WORK OF A,MOB,.,NA,NA
14598_0_16585,Grant County herald,1893-04-27,Peterson by an infuriated,mob,of,NA,NA
14598_0_16590,Grant County herald,1893-04-27,,mob,wreaked its vengeance on the,NA,NA
14611_1_16626,Grant County herald,1891-07-30,A,MASKED,mob broke into the jail at,NA,NA
14611_5_16646,Grant County herald,1891-07-30,"Tenn . , by party of",masked,men and,NA,NA
14612_0_16654,Grant County herald,1892-04-14,"Va . , by a",mob,and hanged jail .,NA,NA
14702_0_16756,Wood County reporter,1891-05-14,the,mob,"that lynched the Italians ,",NA,NA
14714_0_16762,Eagle River review,1892-05-05,,Mob,Deals Out Justice to a Quartette,NA,NA
14715_0_16775,Eagle River review,1893-05-18,STRUNG UP BY A,MOB,.,NA,NA
14715_0_16779,Eagle River review,1893-05-18,morning a,mob,of 100 men appeared before,NA,NA
14715_0_16789,Eagle River review,1893-05-18,lynching their man the,mob,requested,NA,NA
14715_0_16792,Eagle River review,1893-05-18,The,mob,hanged Terrell to a tree in,NA,NA
14715_0_16798,Eagle River review,1893-05-18,at the jail,masked,and about fifty or,NA,NA
14724_0_16827,The Seattle postintelligencer,1894-09-06,,mob,": A . Atkinson , the man who drove",NA,NA
14724_0_16830,The Seattle postintelligencer,1894-09-06,the leader of the,mob,; Mike McFadden,NA,NA
14725_0_16842,The Seattle postintelligencer,1894-06-05,the party lynebed by a,mob,cate no figure,NA,NA
14725_0_16883,The Seattle postintelligencer,1894-06-05,by,mob,law . The murder of Dawe by,NA,NA
14725_0_16909,The Seattle postintelligencer,1894-06-05,law and the testimony lest the,mob,may,NA,NA
14725_0_16911,The Seattle postintelligencer,1894-06-05,the prisoner . If the,mob,is the highest,NA,NA
14725_0_16917,The Seattle postintelligencer,1894-06-05,and the,mob,on the village green or town,NA,NA
14725_0_16921,The Seattle postintelligencer,1894-06-05,If a,mob,because of a probable miscarriage,NA,NA
14725_0_16951,The Seattle postintelligencer,1894-06-05,vindictiveness of a,mob,", a faction of",NA,NA
14727_0_16993,The Seattle postintelligencer,1893-10-31,his stomach . An infuriated,mob,quickly,NA,NA
14727_0_16997,The Seattle postintelligencer,1893-10-31,the,mob,wanted to lynch him . Bradley,NA,NA
14729_0_17036,The Seattle postintelligencer,1893-02-23,A,mob,"hanged Richard Mays , a young negro ,",NA,NA
14740_0_17084,The Seattle postintelligencer,1891-07-27,night by a,mob,of 500 men and hung,NA,NA
14746_0_17154,The Seattle postintelligencer,1891-12-17,A,mob,"gathered to lynch Day , but the constable",NA,NA
14775_0_17204,Birmingham ageherald,1894-09-05,,mob,and hung to an electric light pole . A,NA,NA
17484_0_17218,Delaware gazette and state journal,1892-09-08,"tucky , Friday , a",mob,broke into the jail,NA,NA
17484_0_17222,Delaware gazette and state journal,1892-09-08,,mob,assembled three weeks ago to lynch,NA,NA
17485_0_17232,Delaware gazette and state journal,1891-04-30,Keep the,Mob,at Bay .,NA,NA
17485_0_17244,Delaware gazette and state journal,1891-04-30,,mob,of Hungarian strikers . A subsequent,NA,NA
17485_0_17252,Delaware gazette and state journal,1891-04-30,to put them out a second time a,mob,assembled,NA,NA
17486_0_17339,Delaware gazette and state journal,1893-01-12,A Lynching,Mob,Resisted by,NA,NA
17486_0_17344,Delaware gazette and state journal,1893-01-12,A,Mob,Lynches a North Carolina Mur -,NA,NA
17486_0_17350,Delaware gazette and state journal,1893-01-12,officers and a,mob,that attacked the jail,NA,NA
17486_0_17359,Delaware gazette and state journal,1893-01-12,hands . For two days the,mob,has been,NA,NA
17486_0_17362,Delaware gazette and state journal,1893-01-12,resist . The leaders of the,mob,were,NA,NA
17486_0_17368,Delaware gazette and state journal,1893-01-12,the sheriff warned the,mob,"to disperse ,",NA,NA
17487_0_17459,Delaware gazette and state journal,1893-08-17,,mob,demanded his body and a lynching,NA,NA
17507_0_17473,The World,1892-02-13,hanged to a tree . A,mob,numbering,NA,NA
17508_0_17483,The World,1893-04-26,Hanged by a,Mob,.,NA,NA
17508_0_17486,The World,1893-04-26,"S . C . , Monday night by a",mob,. He wasing,NA,NA
17796_0_17508,The Atlanta constitution,1893-08-15,,mob,"last night five miles from this place ,",NA,NA
17797_0_17598,The Kimball graphic,1894-05-05,,mob,in April . He claimed that the,NA,NA
17851_0_17670,River Falls journal,1894-01-18,A,MOB,"lynched Sam Smith , a negro ,",NA,NA
17851_0_17677,River Falls journal,1894-01-18,,mob,"at Russell , Kan . The mob were",NA,NA
17851_0_17684,River Falls journal,1894-01-18,A,MOB,"lynched Sherman Wagoner , a",NA,NA
17851_1_17690,River Falls journal,1894-01-18,,Mob,Band,NA,NA
17851_1_17706,River Falls journal,1894-01-18,ten miles northeast . A,mob,of,NA,NA
17868_0_17790,The Goodland republic,1894-07-06,A Negro Murderer Lynched by a,Mob,,NA,NA
17868_0_17798,The Goodland republic,1894-07-06,last night by a,mob,.,NA,NA
17868_0_17805,The Goodland republic,1894-07-06,stopped by the,mob,. was,NA,NA
17931_0_17807,Griggs courier,1893-05-19,,mob,"at Bearden , Ark . , for the murder",NA,NA
17931_1_17810,Griggs courier,1893-05-19,A,Mob,Takes a Murderer from the Jall,NA,NA
17931_1_17830,Griggs courier,1893-05-19,men heavily armed and,masked,sur -,NA,NA
17931_1_17845,Griggs courier,1893-05-19,o'clock a . m . a,mob,of 100 men appeared,NA,NA
17931_1_17858,Griggs courier,1893-05-19,man the,mob,requested that the body their,NA,NA
17933_0_17879,The morning news,1893-05-14,law and,mob,violence in this state is as,NA,NA
17954_0_17976,The Anaconda standard,1894-01-25,hour's run from this . The,mob,", composed",NA,NA
18010_0_17986,The Guthrie daily leader,1894-05-23,,mob,around the county jail which,NA,NA
18011_1_18011,The sun,1893-05-24,they were overpowered a,mob,and the prisoners,NA,NA
18013_0_18019,The Big Sandy news,1893-10-20,Sunday to escape the wrath of a,mob,,NA,NA
18014_0_18034,The Penns Grove record,1894-07-27,,masked,men . by,NA,NA
18014_1_18037,The Penns Grove record,1894-07-27,a,mob,and lynched . The motive for,NA,NA
18015_0_18051,The sun,1893-12-06,and the leader of the,mob,who did the lynching,NA,NA
18015_0_18064,The sun,1893-12-06,by the,mob,on that day . It is not expected that,NA,NA
18017_0_18100,Omaha daily bee,1893-12-12,break of,mob,violence the relatives,NA,NA
18018_0_18159,The NewsHerald,1894-04-19,the,mob,dragged him over the ground,NA,NA
18018_0_18166,The NewsHerald,1894-04-19,", as the",mob,was too impatient,NA,NA
18036_0_18302,Baxter Springs news,1894-11-03,,mob,who lynched six negroes near,NA,NA
18036_1_18311,Baxter Springs news,1894-11-03,"day morning , by a",mob,variously estimated,NA,NA
18036_1_18326,Baxter Springs news,1894-11-03,that of horse stealing . The,mob,told,NA,NA
18037_0_18356,The morning news,1893-05-11,"the scene of the outrage , where a",mob,was,NA,NA
18037_0_18368,The morning news,1893-05-11,the state they resort to,mob,violence instead,NA,NA
18037_0_18399,The morning news,1893-05-11,to the,mob,"that lynched him , and an",NA,NA
18039_0_18404,The morning news,1893-11-22,The,mob,forced its way into the court,NA,NA
18039_1_18429,The morning news,1893-11-22,"the jail , followed by the",mob,. The lynchers,NA,NA
18039_1_18435,The morning news,1893-11-22,and pronounced life extinct . The,mob,,NA,NA
18040_0_18451,The morning news,1893-03-29,negroes because a,mob,lynched a negro in,NA,NA
18040_0_18455,The morning news,1893-03-29,,mob,for a crime to of some sort ?,NA,NA
18041_0_18459,Semiweekly interior journal,1893-11-17,by a,mob,composed another entirely of colored,NA,NA
18042_0_18464,Rock Island Argus,1893-12-08,"colored , by a",mob,of white men near,NA,NA
18042_0_18468,Rock Island Argus,1893-12-08,the leader lost his,mask,and he was rec,NA,NA
18045_0_18558,Alma record,1894-05-18,One of the most determined,mobs,that,NA,NA
18047_0_18592,Vermont phÅ“nix,1893-09-22,shot down eight members of a lawless,mob,,NA,NA
18047_0_18604,Vermont phÅ“nix,1893-09-22,,mob,", carried to a pasture and strung up .",NA,NA
18047_0_18605,Vermont phÅ“nix,1893-09-22,This done the,mob,"returned to the jail ,",NA,NA
18047_0_18620,Vermont phÅ“nix,1893-09-22,,masked,mob and hanged . His wife and,NA,NA
18047_0_18622,Vermont phÅ“nix,1893-09-22,"discharged , were also seized by the",mob,,NA,NA
18047_0_18626,Vermont phÅ“nix,1893-09-22,a victim of the,mob's,vengeance .,NA,NA
18047_0_18629,Vermont phÅ“nix,1893-09-22,burning a set of buildings . A,mob,took,NA,NA
18047_0_18638,Vermont phÅ“nix,1893-09-22,jail . After the,mob,had been refused admittance,NA,NA
18047_0_18643,Vermont phÅ“nix,1893-09-22,poured into the,mob,. Eight men were,NA,NA
18047_0_18647,Vermont phÅ“nix,1893-09-22,found by the,mob,early in the morning,NA,NA
18047_0_18650,Vermont phÅ“nix,1893-09-22,infuriated,mob,of 1000 men . There is,NA,NA
18049_0_18666,Daily public ledger,1893-04-06,,mob,chased the woman after lynching,NA,NA
18050_0_18669,The free press,1893-08-03,ult . Two members of the,mob,that,NA,NA
18051_0_18689,The comet,1893-10-26,,mob,while passing through a slip of,NA,NA
18051_0_18691,The comet,1893-10-26,the,mob,and hanged .,NA,NA
18052_0_18697,The state chronicle,1893-05-16,o'clock this morning a,mob,of 100,NA,NA
18052_0_18710,The state chronicle,1893-05-16,"their man , the",mob,,NA,NA
18052_0_18713,The state chronicle,1893-05-16,The,mob,hanged Terrell to a tree,NA,NA
18052_0_18723,The state chronicle,1893-05-16,the jail,masked,", and about 50 or 60 Shea , John Wheelwright , Rich -",NA,NA
18053_0_18732,The Kimball graphic,1893-05-13,lynched by a,mob,composed of,NA,NA
18055_0_18750,Idaho semiweekly world,1893-01-03,the,mob,organizing to lynch the,NA,NA
18057_0_18824,Morning appeal,1893-12-30,lynched by,mob,", among which",NA,NA
18058_0_18864,Macon beacon,1893-01-07,Wednesday a gang of,masked,,NA,NA
18060_3_18938,The Ohio Democrat,1893-08-19,was lynched by a,mob,near Salma,NA,NA
18060_4_18952,The Ohio Democrat,1893-08-19,February 14 a,mob,at Chattano .,NA,NA
18060_4_18966,The Ohio Democrat,1893-08-19,,mob,"of 500 men at Denmark , S . C . ,",NA,NA
18060_4_18980,The Ohio Democrat,1893-08-19,hanged by a,mob,of miners at,NA,NA
18060_5_18989,The Ohio Democrat,1893-08-19,Morgan was lynched by a,mob,of,NA,NA
18060_6_19003,The Ohio Democrat,1893-08-19,,mob,"of masked men , who said that",NA,NA
18060_6_19009,The Ohio Democrat,1893-08-19,from his cell the shouts of a,mob,,NA,NA
18061_0_19016,The farmers union,1893-05-18,2 : 10 o'clock this morning a,mob,of 100 men,NA,NA
18061_0_19031,The farmers union,1893-05-18,their man the,mob,requested that the,NA,NA
18061_0_19040,The farmers union,1893-05-18,,mob,2,NA,NA
18061_0_19046,The farmers union,1893-05-18,vere forty - three men at the jail,masked,,NA,NA
18068_0_19090,Martinsburg independent,1893-01-07,a furious,mob,of twenty - five or thirty,NA,NA
18068_0_19091,Martinsburg independent,1893-01-07,,masked,"men , armed and determined tc",NA,NA
18068_1_19104,Martinsburg independent,1893-01-07,"LOUDON , Tenn . , Jan 5 . - A",masked,,NA,NA
18068_1_19105,Martinsburg independent,1893-01-07,,mob,of fifty men overpowered the,NA,NA
18078_0_19125,Waterbury evening Democrat,1894-05-14,Thursday a,mob,and lynched .,NA,NA
18079_0_19128,Fort Worth gazette,1894-10-30,of the,mob,who lynched six ne,NA,NA
18086_0_19132,Daily tobacco leafchronicle,1892-12-16,Here's Another,Mob,.,NA,NA
18086_0_19137,Daily tobacco leafchronicle,1892-12-16,,mob,is forming here to lynch,NA,NA
18092_0_19147,The Hawaiian gazette,1893-10-03,bloody carnival . A,mob,of 5000 men,NA,NA
18092_0_19152,The Hawaiian gazette,1893-10-03,charged by the,mob,,NA,NA
18092_0_19158,The Hawaiian gazette,1893-10-03,the desperate,mob,found and lynched,NA,NA
18092_1_19171,The Hawaiian gazette,1893-10-03,,mob,which desired to lynch him for,NA,NA
18094_0_19180,Iuka reporter,1894-02-01,. by a,mob,and lynched on account of,NA,NA
18096_0_19190,The Ohio Democrat,1894-09-05,", were lynched by a",mob,near,NA,NA
18103_0_19219,Perrysburg journal,1894-01-06,,mob,were a killed .,NA,NA
18103_1_19221,Perrysburg journal,1894-01-06,,mob,"which purposed to lynch them , killing",NA,NA
18103_2_19225,Perrysburg journal,1894-01-06,"prisoner at Roanoke , . ,",mob,and soldiery,NA,NA
18106_0_19238,Staunton spectator,1894-03-21,a,mob,. A rope was obtained and,NA,NA
18110_1_19252,Dakota farmers leader,1894-09-14,the members of the,mob,who lynched,NA,NA
18273_0_19303,The Grenada sentinel,1894-05-19,George Rose Hanged by a,Mob,at Cotton .,NA,NA
18291_0_19354,The Mitchell capital,1893-04-14,was directed from the,mob's,victim,NA,NA
18291_0_19356,The Mitchell capital,1893-04-14,son had been run off from the,mob,and,NA,NA
18291_0_19359,The Mitchell capital,1893-04-14,among the members of the,mob,arose,NA,NA
18291_2_19381,The Mitchell capital,1893-04-14,"TOPEKA , Kan . . April 12 . - A",mob,,NA,NA
18291_2_19398,The Mitchell capital,1893-04-14,the,mob,grew as its,NA,NA
18294_1_19405,St Paul daily globe,1893-07-23,from the,mob,that was bent on lynching,NA,NA
18295_0_19410,The evening bulletin,1893-09-21,Into the,Mob,", Killing Seven People and",NA,NA
18296_1_19460,Griggs courier,1893-03-03,,mob,,NA,NA
18298_0_19486,The Washburn leader,1893-07-29,captured and hanged to a tree by a,mob,",",NA,NA
18315_0_19527,The Durham daily globe,1893-01-05,by a,Mob,.,NA,NA
18315_0_19531,The Durham daily globe,1893-01-05,Five Hundred,Masked,Men Enter the .,NA,NA
18315_0_19535,The Durham daily globe,1893-01-05,,masked,mob of 500 men entered the jail a,NA,NA
18315_0_19544,The Durham daily globe,1893-01-05,Colonel Harry Bass with his pockets the,mob,"were killed , and among the",NA,NA
18454_0_19594,The Superior times,1893-03-25,in the,mob,", and the lynching was done",NA,NA
18471_0_19677,The new Northwest,1894-04-21,GEORGIA,MOB,LYNCHES A NEGRO .,NA,NA
18473_0_19698,The Austin weekly statesman,1893-12-07,of committees on the,mob,and lynching,NA,NA
18478_0_19739,Little Falls weekly transcript,1894-10-19,An Ohio,Mob,Would Lynch a Colored,NA,NA
18478_0_19742,Little Falls weekly transcript,1894-10-19,House says a,mob,of several thousand,NA,NA
18478_0_19750,Little Falls weekly transcript,1894-10-19,The,mob,became so demonstrative that,NA,NA
18504_0_19812,The weekly tribune,1894-11-16,,mob,had gathered and threatened,NA,NA
18505_0_19819,The morning news,1894-01-15,by a,mob,last April . The matter came,NA,NA
18506_0_19848,Deseret evening news,1894-05-04,the,mob,made them jump to death .,NA,NA
18525_0_19860,The Port Gibson reveille,1894-07-13,,mobs,within,NA,NA
18534_0_19981,The Mitchell capital,1894-09-14,which would compose the,mob,and told,NA,NA
18534_0_19985,The Mitchell capital,1894-09-14,"swamp , where the",mob,would be in,NA,NA
18534_0_19987,The Mitchell capital,1894-09-14,join the,mob,", but the lynching came off to",NA,NA
18538_2_20042,The progressive farmer,1894-09-11,the hands of the,mob,"; A . Atkinson , the",NA,NA
18538_2_20045,The progressive farmer,1894-09-11,have been the leader of the,mob,; Mike,NA,NA
18542_0_20168,Courier Democrat,1894-01-04,by a,mob,", in which a number of",NA,NA
18563_0_20278,The morning news,1894-05-27,A,Mob,Attacks the Jail at Tampa to,NA,NA
18563_0_20282,The morning news,1894-05-27,"says : "" Last night a",mob,attacked the,NA,NA
18563_0_20286,The morning news,1894-05-27,Springs . The,mob,was composed of,NA,NA
18563_0_20290,The morning news,1894-05-27,"sheriff , , however , stood off the",mob,". """,NA,NA
18563_1_20306,The morning news,1894-05-27,the night an armed,mob,"entered , took the",NA,NA
18564_0_20310,Potosi journal,1894-11-28,A,MOB,"lynched a negro at Landrum ,",NA,NA
18566_0_20328,The sun,1894-11-07,despite the,mob,"which had sought to lynch him ,",NA,NA
18567_0_20331,The evening bulletin,1894-04-16,As his body rose above the,mob,", the",NA,NA
18567_0_20335,The evening bulletin,1894-04-16,"was finished , the",mob,dispersed,NA,NA
18568_0_20345,The news amp observer,1894-09-06,of the,mob,who lynched the six,NA,NA
18568_0_20360,The news amp observer,1894-09-06,the,mob,. There is no use in talk -,NA,NA
18571_0_20412,The Kinsley graphic,1894-01-19,"sell , Kan . A determined",mob,hung to,NA,NA
18572_0_20442,St Paul daily globe,1894-09-10,the,mob,", and told him that the negroes",NA,NA
18572_0_20446,St Paul daily globe,1894-09-10,,mob,would be in waiting . When the,NA,NA
18572_0_20459,St Paul daily globe,1894-09-10,,mob,", but the lyuching came off on time .",NA,NA
18579_0_20574,The Topeka state journal,1894-10-26,the members of the,mob,who lynched,NA,NA
18604_0_20628,The Grenada sentinel,1893-11-04,,mob,blacks .,NA,NA
18607_0_20688,The state republican,1893-09-28,burned . and his body a,mob,lynched by,NA,NA
18611_0_20742,The sun,1893-05-05,the,mob,could get at him . Peterson,NA,NA
18631_0_20916,The allianceindependent,1893-05-11,An Arkansas,Mob,Hangs the Murderous,NA,NA
18633_0_20930,The Irish standard,1894-07-07,A,mob,"at Sioux City , Ia . , on",NA,NA
18634_0_20949,Iowa state bystander,1894-09-14,the,mob,. McGarver has been held Baptist,NA,NA
18639_2_20974,Weekly expositor,1894-02-23,,mob,"demanded that he be lynched , and",NA,NA
18642_0_20989,The Hope pioneer,1894-01-26,A,MOB,lynched a negro named Wil,NA,NA
18642_1_20992,The Hope pioneer,1894-01-26,A,MOB,lynched M . G . Gamble ( colored,NA,NA
18901_0_21008,The morning call,1891-11-05,night here by a,mob,and hanged . The par,NA,NA
18935_0_21018,Wheeling register,1891-05-13,,masked,"body of men , this morning",NA,NA
19137_0_21034,Asheville daily citizen,1891-10-01,", but a",mob,does not know how,NA,NA
19137_0_21042,Asheville daily citizen,1891-10-01,,mob,will not think and the jury is frequently,NA,NA
19137_0_21047,Asheville daily citizen,1891-10-01,is contagious and of course a,mob,,NA,NA
19137_0_21051,Asheville daily citizen,1891-10-01,lynch law was right and,mob,rule judicial,NA,NA
19137_0_21054,Asheville daily citizen,1891-10-01,judicial,mob,and save thousands of dol -,NA,NA
19137_0_21055,Asheville daily citizen,1891-10-01,lars of expense . If in capital cases a,mob,,NA,NA
19137_0_21060,Asheville daily citizen,1891-10-01,,mobs,for lynching any idea of taking the,NA,NA
19137_0_21061,Asheville daily citizen,1891-10-01,,law into their own hands,", and that is",NA,NA
19169_0_21070,The morning news,1892-05-19,city saying that a,mob,of sixty citizens had,NA,NA
19549_0_21122,San Saba County news,1893-09-22,by the,mob,and hanged to the,NA,NA
19593_0_21407,The Portland daily press,1893-05-09,woods at the roadside a crowd of,masked,,NA,NA
19598_0_21488,Fort Worth gazette,1893-02-03,,Mob,law in Texas must be stamped out .,NA,NA
19599_0_21583,The evening world,1892-09-07,known in the neighborhood .,A party of,,NA,NA
19599_0_21584,The evening world,1892-09-07,twenty or thirty,masked,men dragged the,NA,NA
19628_0_21608,The Helena independent,1892-02-24,A,mob,"at Varner , Ark . . lynched a negro",NA,NA
19629_0_21613,Daily public ledger,1892-05-21,Rear in the,mob,which hung Eph Griz,NA,NA
19632_0_21616,River Falls journal,1892-09-22,"AT Bonita , La . , a",mob,lynched black,NA,NA
19632_1_21622,River Falls journal,1892-09-22,taken from jail Miss by a,mob,and hanged .,NA,NA
19639_0_21629,Asheville daily citizen,1893-02-10,between the,mob,and the sheriff's,NA,NA
19648_0_21646,Grand Rapids herald,1892-05-25,A,Mob,Outwitted in an Attempt to Lynch,NA,NA
19648_0_21652,Grand Rapids herald,1892-05-25,a,mob,attacked the jail and in the mob,NA,NA
19648_0_21654,Grand Rapids herald,1892-05-25,,mob,"finally dispersed , when they",NA,NA
19658_0_21656,Crittenden press,1894-09-06,WORK . BLOODY,MOBS,' A,NA,NA
19658_0_21658,Crittenden press,1894-09-06,Death By a,Mob,in,NA,NA
19658_0_21731,Crittenden press,1894-09-06,purpose of the,mob,", attempted to leap",NA,NA
19658_0_21735,Crittenden press,1894-09-06,of the,mob,leaped into the wagon and,NA,NA
19658_0_21745,Crittenden press,1894-09-06,The,mob,", after making sure that",NA,NA
19668_1_21764,The Goodland republic,1893-04-14,"TOPEKA , April 12 . - A",mob,hung about,NA,NA
19668_1_21770,The Goodland republic,1893-04-14,the,mob,again attacked the jail and secured,NA,NA
19668_1_21775,The Goodland republic,1893-04-14,,mob,"quarreled and a riot began , when",NA,NA
19668_1_21781,The Goodland republic,1893-04-14,fight Hudson was taken from the,mob,,NA,NA
19668_1_21785,The Goodland republic,1893-04-14,the,mob,arose over the question of the,NA,NA
19779_0_21791,The Austin weekly statesman,1892-06-16,IF THE,MOB,ATTEMPTS TO LYNCH THE,NA,NA
19779_0_21825,The Austin weekly statesman,1892-06-16,The determined,mob,,NA,NA
19779_0_21844,The Austin weekly statesman,1892-06-16,no will occur at the jail . Another,mob,,NA,NA
19780_1_21882,Daily tobacco leafchronicle,1892-05-04,Clay City to prevent a,mob,from lynch -,NA,NA
19782_0_21893,The Pascagoula democratstar,1892-01-01,by an exasperated,mob,of citizens .,NA,NA
19782_0_21931,The Pascagoula democratstar,1892-01-01,,mob,soon alterwards to a tree .,NA,NA
19786_0_21944,The farmers alliance,1892-01-21,,MOBILE,", Jan . 19 . - Harry Hinton , the",NA,NA
19786_0_21952,The farmers alliance,1892-01-21,apprehensive of,mob,"violence , gave it",NA,NA
19786_0_21957,The farmers alliance,1892-01-21,,mob,and hanged to the tree on which,NA,NA
19787_0_21973,The Yakima herald,1892-08-25,angry,mob,", is found to be utterly with",NA,NA
19791_0_21990,The Coeur dAlene press,1892-12-31,the,mob,organizing to lynch the man .,NA,NA
19795_0_22000,The sun,1892-05-24,lynching of negroes by Southern,mobs,", said :",NA,NA
19818_1_22059,The morning news,1892-07-18,,mob,of 200 or 300 . They were armed with,NA,NA
19819_0_22083,The morning news,1892-09-08,of twenty or thirty armed and,masked,men,NA,NA
19828_0_22192,The morning news,1892-05-19,There were 200 men in the,mob,", it is re",NA,NA
19844_0_22297,Barton County democrat,1892-03-17,The,mob,was thoroughly organized,NA,NA
19844_0_22311,Barton County democrat,1892-03-17,the,mob's,hands .,NA,NA
19844_0_22319,Barton County democrat,1892-03-17,of the,mob,. by,NA,NA
19844_2_22333,Barton County democrat,1892-03-17,"town , but he was taken by a",mob,and,NA,NA
19846_0_22363,Omaha daily bee,1891-03-27,authorities by a,mob,and lynched taken .,NA,NA
19868_0_22395,The McCook tribune,1891-07-24,life and organized,mob,to lynch him,NA,NA
19870_0_22419,The Columbus journal,1892-04-13,on at Forsythe . That a,mob,will ap - eling,NA,NA
19870_0_22438,The Columbus journal,1892-04-13,,mob,", has reached here . At the Lewis",NA,NA
19870_0_22454,The Columbus journal,1892-04-13,that Frank Lewis was one of the,mob,many,NA,NA
19870_0_22460,The Columbus journal,1892-04-13,,MOBILE,", Ala . . special : The continuous",NA,NA
19872_0_22715,Telegramherald,1891-10-11,night by a howling,mob,of a thousand,NA,NA
19874_0_22867,The evening bulletin,1892-04-29,was the only man lynched . The,mob,,NA,NA
19878_0_22966,The morning news,1891-04-27,the,mob,was composed,NA,NA
19878_1_22988,The morning news,1891-04-27,,mob,"as a disgrace to himself , the",NA,NA
19880_0_23004,The Cape Girardeau Democrat,1891-11-07,lynched by a,mob,"at West Monroe , La ,",NA,NA
19883_0_23032,Griggs courier,1892-02-19,by a,mob,of 200 citzens at Montgom,NA,NA
19883_1_23038,Griggs courier,1892-02-19,were lynched by a,mob,". ,",NA,NA
19884_0_23042,The American,1892-08-19,to organiza,mob,"to lynch Anderson ,",NA,NA
19885_0_23090,The state chronicle,1892-09-14,Twenty,Masked,Men Do the,NA,NA
19885_0_23102,The state chronicle,1892-09-14,had been taken from the jail by a,masked,,NA,NA
19885_0_23103,The state chronicle,1892-09-14,,mob,and lynched . At the last term of,NA,NA
19887_0_23117,The farmers union,1892-06-09,A Texarkana,Mob,Hunting for a Negro,NA,NA
19887_0_23130,The farmers union,1892-06-09,in jail . At night a,mob,of several hundred,NA,NA
19887_0_23135,The farmers union,1892-06-09,negro away and concealed him . The,mob,,NA,NA
19887_0_23139,The farmers union,1892-06-09,soon as the,mob,can negro locate him .,NA,NA
19888_0_23147,Omaha daily bee,1892-06-23,,MOBILE,", Ala . , June 22 . - Christ Chalmer",NA,NA
19890_0_23156,The Oskaloosa herald,1892-04-07,A Findlay ( 0 . ),Mob,Lynches a,NA,NA
19890_0_23160,The Oskaloosa herald,1892-04-07,by an angry,mob,at 12 : 30 o'clock a .,NA,NA
19890_0_23161,The Oskaloosa herald,1892-04-07,m . and lynched . The,mob,included,NA,NA
19890_1_23173,The Oskaloosa herald,1892-04-07,the structure . When the,mob,were in the,NA,NA
19890_1_23176,The Oskaloosa herald,1892-04-07,fell to the ground . But the,mob,were,NA,NA
19891_0_23181,The Hope pioneer,1891-07-17,A,MOB,"lynched Jim Bailey , a negro",NA,NA
19892_1_23200,The Stark County Democrat,1892-12-08,by,mobs,", for a failure to pursue the appointed",NA,NA
19892_1_23208,The Stark County Democrat,1892-12-08,the officers of the law in resisting,mob,,NA,NA
19893_0_23308,The Appeal,1892-04-09,Mrs . Katie Ross one of the finest singers,mob,". Several shots were fired , one of",NA,NA
19893_0_23317,The Appeal,1892-04-09,four ladies and eight gentlemen . A Chattanooga two years and then went pursued by a,mob,"and lynched , of course . is now prepared to serve private parties ,",NA,NA
19895_0_23409,Telegramherald,1891-09-23,LYNCHED BY A,MOB,.,NA,NA
19895_0_23416,Telegramherald,1891-09-23,,mob,and lynched . Friday evening of,NA,NA
19896_0_23435,Rock Island daily Argus,1892-03-10,,MOB,""" VENGEANCE . """,NA,NA
19896_1_23445,Rock Island daily Argus,1892-03-10,,mobs,,NA,NA
19898_1_23459,The Cape Girardeau Democrat,1891-10-24,negro rioters were lynched by a,mob,,NA,NA
19904_1_23493,Daily public ledger,1892-05-14,placed in jail . Friday evening a,mob,,NA,NA
19917_1_23511,The Cape Girardeau Democrat,1892-06-25,"the 19th , by a",mob,composed partly of,NA,NA
19920_0_23588,The Atlanta constitution,1892-03-22,the wild justice of the,mob,.,NA,NA
19921_0_23640,Daily public ledger,1892-06-13,a,mob,"surrounded the jail ,",NA,NA
19921_0_23654,Daily public ledger,1892-06-13,lynching . A great,mob,of colored people,NA,NA
19922_0_23695,The times,1892-09-06,on Friday a,mob,broke into the jail,NA,NA
19922_0_23699,The times,1892-09-06,,mob,assembled three weeks ago to lynch,NA,NA
19923_0_23707,Crawford avalanche,1892-03-17,A,Mob,Hangs a Negress Who Poisoned a,NA,NA
19923_0_23712,Crawford avalanche,1892-03-17,"persons , was lynched by a",mob,of masked,NA,NA
19923_0_23729,Crawford avalanche,1892-03-17,when a,mob,overpowered her captors,NA,NA
19925_0_23752,Marble Hill press,1892-05-26,Three negroes were lynched by a,mob,at,NA,NA
19926_0_23756,The Goodland republic,1892-05-06,A Tennessee,Mob,Terribly Avenges the,NA,NA
19927_3_23792,The Durham daily globe,1892-05-19,armed,mob,siezed the train this mornig,NA,NA
19942_0_24135,Evening capital journal,1892-03-14,"place , but feil in with a",masked,,NA,NA
19946_0_24201,Olympia tribune,1892-06-30,,mob,"at Woodbury , Tennessee . a",NA,NA
19952_0_24263,The morning news,1892-12-07,which has sometimes been urged by,mobs,for a,NA,NA
19953_0_24268,Fort Worth gazette,1892-09-12,recent,mob,violence occurred and held,NA,NA
19953_0_24274,Fort Worth gazette,1892-09-12,,mob,", or securing immunity from them",NA,NA
19953_0_24316,Fort Worth gazette,1892-09-12,on the,mob,A committee of three,NA,NA
19955_0_24346,Vermont phÅ“nix,1892-06-03,a,mob,to break into the jail in that city in,NA,NA
19955_0_24360,Vermont phÅ“nix,1892-06-03,,mob,law is a menace to society and a stigma,NA,NA
19958_0_24376,Perrysburg journal,1892-08-13,"at Wynne , Ark . , by a",mob,and lynched .,NA,NA
19961_1_24406,The state chronicle,1892-08-19,organize a,mob,to lynch Anderson . The,NA,NA
19963_0_24411,Rock Island daily Argus,1892-08-29,from jail by a,mob,and lynched . He was,NA,NA
19964_0_24415,Marble Hill press,1892-02-18,A,mob,formed to lynch two negro barn -,NA,NA
19967_0_24437,The Hope pioneer,1892-09-23,"AT Bonita , La . , a",mob,lynched black,NA,NA
19971_1_24516,Fairhaven herald,1892-10-06,Plia NASHVILLE last night a,mob,took Alexander,NA,NA
19974_0_24555,The Madison daily leader,1891-07-02,,mobs,have been organized to lynch,NA,NA
19975_0_24573,The Columbia herald,1892-09-16,,Mob,. by a County,NA,NA
19975_0_24579,The Columbia herald,1892-09-16,,mob,and lynched . At the last term,NA,NA
19975_0_24580,The Columbia herald,1892-09-16,from the Dodson jail by a,masked,,NA,NA
19976_0_24597,The Austin weekly statesman,1892-10-06,offered for each of the,mob,that lynched,NA,NA
19978_0_24603,Audubon County Republican,1891-12-03,AN INDIANA,MOB,BENT ON A,NA,NA
19978_0_24607,Audubon County Republican,1891-12-03,"the city , was surrounded by a",mob,of,NA,NA
19978_0_24624,Audubon County Republican,1891-12-03,"easily entered , but the",mob,got no,NA,NA
19979_0_24655,The Wichita daily eagle,1891-07-22,"night , by a",mob,", and to lynched .",NA,NA
19980_0_24664,Telegramherald,1891-04-27,day night by,a party of,soldiers . Sub,NA,NA
19980_0_24671,Telegramherald,1891-04-27,,mob,"was composed of soldiers , you",NA,NA
19983_0_24676,Deseret evening news,1891-07-03,THE DRIFT OF,MOB,LAWLESSNESS .,NA,NA
19983_0_24680,Deseret evening news,1891-07-03,Columbia,mob,that lynched Green,NA,NA
19983_0_24686,Deseret evening news,1891-07-03,of,mob,violence belong to one of,NA,NA
19984_0_24714,Abilene weekly reflector,1891-04-30,"to believe , as appears , that the",mob,was,NA,NA
19984_1_24732,Abilene weekly reflector,1891-04-30,stigmatized the action of the,mob,as a,NA,NA
19993_0_24737,River Falls journal,1891-09-17,A,MOB,"lynched John Bennett , who",NA,NA
20010_0_24741,Indian chieftain,1891-10-22,,Mob,Spirit Rampant .,NA,NA
20010_0_24743,Indian chieftain,1891-10-22,of the,mob,"which lynched Coe , th",NA,NA
20016_0_24791,The Wichita daily eagle,1891-05-28,noon by a determined,mob,and hanged .,NA,NA
20033_0_24988,St Paul daily globe,1891-10-21,ng virtually invited the,mob,to destroy,NA,NA
20036_0_25007,The morning news,1891-10-11,POLICE TO BALK THE,MOB,.,NA,NA
20036_0_25021,The morning news,1891-10-11,"old girl , and the",mob,is satisfied . Early in,NA,NA
20036_0_25027,The morning news,1891-10-11,"prisoner , and as soon as the",mob,realized,NA,NA
20036_2_25039,The morning news,1891-10-11,members of the,mob,which lynched the,NA,NA
20038_1_25114,New Ulm weekly review,1891-05-06,from jail by a,mob,and lynched . taken,NA,NA
